date,symbol,open,high,low,close,volume
2024-05-09,000001.SZ,10.71,10.82,10.71,10.76,106946063
2024-05-10,000001.SZ,10.77,10.96,10.76,10.94,176783561
2024-05-13,000001.SZ,10.9,11.01,10.81,10.97,140249860
2024-05-14,000001.SZ,11.0,11.06,10.88,10.91,107578391
2024-05-15,000001.SZ,10.9,10.92,10.81,10.83,86829660
2024-05-16,000001.SZ,10.85,11.21,10.83,11.17,307629165
2024-05-17,000001.SZ,11.18,11.42,11.13,11.42,284174885
2024-05-20,000001.SZ,11.43,11.53,11.31,11.38,217021030
2024-05-21,000001.SZ,11.32,11.62,11.31,11.55,203004941
2024-05-22,000001.SZ,11.56,11.74,11.46,11.56,211553138
2024-05-23,000001.SZ,11.53,11.59,11.37,11.4,184162290
2024-05-24,000001.SZ,11.37,11.49,11.3,11.31,139827584
2024-05-27,000001.SZ,11.31,11.53,11.31,11.51,145436143
2024-05-28,000001.SZ,11.5,11.58,11.36,11.4,120432285
2024-05-29,000001.SZ,11.38,11.45,11.23,11.26,144481111
2024-05-30,000001.SZ,11.24,11.34,11.06,11.12,132549635
2024-05-31,000001.SZ,11.14,11.19,11.11,11.11,82670676
2024-06-03,000001.SZ,11.12,11.13,10.91,10.98,132669675
2024-06-04,000001.SZ,10.95,11.05,10.91,11.02,98100495
2024-06-05,000001.SZ,11.04,11.07,10.87,10.87,101896775
2024-06-06,000001.SZ,10.9,10.98,10.88,10.9,104933153
2024-06-07,000001.SZ,10.92,11.01,10.89,10.99,117012604
2024-06-11,000001.SZ,10.98,11.02,10.79,10.87,133762854
2024-06-12,000001.SZ,10.85,10.91,10.78,10.88,95742635
2024-06-13,000001.SZ,10.89,10.93,10.8,10.8,120350779
2024-06-14,000001.SZ,10.15,10.23,9.99,10.18,163799047
2024-06-17,000001.SZ,10.13,10.16,10.08,10.1,68121702
2024-06-18,000001.SZ,10.11,10.16,10.04,10.08,70065308
2024-06-19,000001.SZ,10.1,10.21,10.08,10.15,79618418
2024-06-20,000001.SZ,10.16,10.17,10.05,10.05,62962757
2024-06-21,000001.SZ,10.05,10.09,9.95,10.0,83054528
2024-06-24,000001.SZ,9.97,10.07,9.88,9.98,94708154
2024-06-25,000001.SZ,9.99,10.13,9.98,10.08,76999281
2024-06-26,000001.SZ,10.06,10.13,10.02,10.08,62859871
2024-06-27,000001.SZ,10.06,10.21,10.0,10.13,92888197
2024-06-28,000001.SZ,10.1,10.26,10.09,10.15,91808992
2024-07-01,000001.SZ,10.09,10.35,10.04,10.35,134305149
2024-07-02,000001.SZ,10.3,10.48,10.28,10.4,138438570
2024-07-03,000001.SZ,10.4,10.43,10.29,10.31,71306746
2024-07-04,000001.SZ,10.3,10.38,10.25,10.26,73504424
2024-07-05,000001.SZ,10.26,10.29,9.92,9.97,171335386
2024-07-08,000001.SZ,9.94,10.02,9.85,9.93,86865962
2024-07-09,000001.SZ,9.94,10.1,9.91,10.07,103248530
2024-07-10,000001.SZ,10.07,10.2,10.05,10.14,87386511
2024-07-11,000001.SZ,10.21,10.23,10.07,10.13,72139225
2024-07-12,000001.SZ,10.12,10.31,10.12,10.31,121416369
2024-07-15,000001.SZ,10.31,10.35,10.26,10.33,86941247
2024-07-16,000001.SZ,10.33,10.37,10.24,10.3,94300811
2024-07-17,000001.SZ,10.3,10.42,10.28,10.4,122016835
2024-07-18,000001.SZ,10.38,10.43,10.3,10.41,108706102
2024-07-19,000001.SZ,10.38,10.42,10.29,10.37,89872324
2024-07-22,000001.SZ,10.36,10.38,10.19,10.23,99448087
2024-07-23,000001.SZ,10.25,10.33,10.16,10.18,102015363
2024-07-24,000001.SZ,10.18,10.24,10.12,10.13,72451757
2024-07-25,000001.SZ,10.12,10.15,10.0,10.09,85640443
2024-07-26,000001.SZ,10.1,10.12,9.97,10.03,92955195
2024-07-29,000001.SZ,10.02,10.14,9.97,10.11,78155243
2024-07-30,000001.SZ,10.1,10.13,10.03,10.08,61326795
2024-07-31,000001.SZ,10.08,10.28,10.07,10.27,109690634
2024-08-01,000001.SZ,10.25,10.32,10.17,10.27,73388377
2024-08-02,000001.SZ,10.22,10.25,10.13,10.14,59022876
2024-08-05,000001.SZ,10.11,10.22,10.05,10.05,75897852
2024-08-06,000001.SZ,10.07,10.12,9.89,9.93,126553691
2024-08-07,000001.SZ,9.95,9.98,9.91,9.93,51760842
2024-08-08,000001.SZ,9.92,9.98,9.9,9.94,50041067
2024-08-09,000001.SZ,9.96,10.1,9.94,10.04,73027396
2024-08-12,000001.SZ,10.02,10.05,9.98,10.01,35301346
2024-08-13,000001.SZ,10.02,10.03,9.92,9.95,62207720
2024-08-14,000001.SZ,9.94,9.98,9.91,9.92,43638038
2024-08-15,000001.SZ,9.92,10.06,9.87,10.03,77624747
2024-08-16,000001.SZ,10.08,10.21,10.05,10.13,126036761
2024-08-19,000001.SZ,10.13,10.3,10.12,10.29,148298526
2024-08-20,000001.SZ,10.32,10.43,10.28,10.34,156918665
2024-08-21,000001.SZ,10.3,10.38,10.21,10.35,103488781
2024-08-22,000001.SZ,10.34,10.45,10.32,10.38,110903039
2024-08-23,000001.SZ,10.39,10.5,10.32,10.47,107190571
2024-08-26,000001.SZ,10.5,10.55,10.42,10.49,74067524
2024-08-27,000001.SZ,10.47,10.52,10.37,10.43,72313658
2024-08-28,000001.SZ,10.41,10.43,10.28,10.33,94254754
2024-08-29,000001.SZ,10.31,10.38,10.11,10.13,119767631
2024-08-30,000001.SZ,10.11,10.26,10.11,10.16,129405908
2024-09-02,000001.SZ,10.12,10.21,10.09,10.11,96883550
2024-09-03,000001.SZ,10.11,10.13,10.0,10.08,91658122
2024-09-04,000001.SZ,10.05,10.15,10.0,10.02,84799233
2024-09-05,000001.SZ,10.03,10.08,9.98,10.07,59420876
2024-09-06,000001.SZ,10.06,10.21,10.05,10.08,87886543
2024-09-09,000001.SZ,10.05,10.07,9.84,9.85,163917451
2024-09-10,000001.SZ,9.86,9.92,9.78,9.9,76790114
2024-09-11,000001.SZ,9.88,9.88,9.63,9.65,110872704
2024-09-12,000001.SZ,9.65,9.77,9.61,9.74,58183405
2024-09-13,000001.SZ,9.73,9.82,9.7,9.7,56646190
2024-09-18,000001.SZ,9.72,9.78,9.66,9.77,44361099
2024-09-19,000001.SZ,9.79,9.84,9.68,9.81,68429311
2024-09-20,000001.SZ,9.81,9.9,9.78,9.9,79729714
2024-09-23,000001.SZ,9.89,10.09,9.87,10.04,89690755
2024-09-24,000001.SZ,10.11,10.37,10.08,10.37,163821319
2024-09-25,000001.SZ,10.52,10.7,10.45,10.5,216069398
2024-09-26,000001.SZ,10.5,11.15,10.5,11.15,308645720
2024-09-27,000001.SZ,11.35,11.56,11.03,11.42,384001637
2024-09-30,000001.SZ,11.62,12.3,11.56,12.21,543028364
2024-10-08,000001.SZ,13.43,13.43,12.34,12.88,588897778
2024-10-09,000001.SZ,12.63,12.63,11.66,11.68,426934506
2024-10-10,000001.SZ,11.62,12.26,11.6,11.98,342642168
2024-10-11,000001.SZ,12.0,12.17,11.58,11.72,207089057
2024-10-14,000001.SZ,11.98,12.18,11.79,12.02,240059509
2024-10-15,000001.SZ,11.94,12.23,11.88,11.9,207284077
2024-10-16,000001.SZ,11.8,12.18,11.77,12.06,191449353
2024-10-17,000001.SZ,12.07,12.23,11.93,11.95,165370809
2024-10-18,000001.SZ,11.91,12.18,11.68,12.04,260465416
2024-10-21,000001.SZ,11.94,11.94,11.63,11.81,280665467
2024-10-22,000001.SZ,11.76,11.93,11.72,11.79,161778713
2024-10-23,000001.SZ,11.82,11.89,11.75,11.86,151186604
2024-10-24,000001.SZ,11.81,11.86,11.72,11.75,88529942
2024-10-25,000001.SZ,11.77,11.78,11.69,11.71,110575468
2024-10-28,000001.SZ,11.68,11.68,11.53,11.64,116948698
2024-10-29,000001.SZ,11.62,11.74,11.53,11.54,119802482
2024-10-30,000001.SZ,11.5,11.58,11.27,11.32,148240279
2024-10-31,000001.SZ,11.33,11.44,11.24,11.38,125020539
2024-11-01,000001.SZ,11.38,11.55,11.34,11.43,158981111
2024-11-04,000001.SZ,11.43,11.46,11.26,11.46,113151611
2024-11-05,000001.SZ,11.42,11.66,11.39,11.65,166541840
2024-11-06,000001.SZ,11.62,11.64,11.47,11.55,146228636
2024-11-07,000001.SZ,11.5,11.93,11.48,11.91,224284379
2024-11-08,000001.SZ,11.94,12.01,11.7,11.72,189510415
2024-11-11,000001.SZ,11.63,11.68,11.47,11.6,148695164
2024-11-12,000001.SZ,11.58,11.84,11.51,11.54,171766255
2024-11-13,000001.SZ,11.5,11.7,11.48,11.61,108626328
2024-11-14,000001.SZ,11.59,11.7,11.53,11.54,115978311
2024-11-15,000001.SZ,11.5,11.61,11.42,11.44,121578351
2024-11-18,000001.SZ,11.63,12.04,11.62,11.75,379732445
2024-11-19,000001.SZ,11.75,11.96,11.55,11.68,243003665
2024-11-20,000001.SZ,11.67,11.75,11.61,11.64,128657248
2024-11-21,000001.SZ,11.62,11.65,11.56,11.59,88340806
2024-11-22,000001.SZ,11.59,11.61,11.28,11.28,162531744
2024-11-25,000001.SZ,11.28,11.34,11.14,11.18,116602032
2024-11-26,000001.SZ,11.18,11.31,11.14,11.27,83107820
2024-11-27,000001.SZ,11.24,11.39,11.15,11.39,89517805
2024-11-28,000001.SZ,11.39,11.42,11.32,11.34,73316854
2024-11-29,000001.SZ,11.37,11.46,11.34,11.38,102848758
2024-12-02,000001.SZ,11.39,11.4,11.31,11.39,97543366
2024-12-03,000001.SZ,11.37,11.5,11.35,11.49,108255936
2024-12-04,000001.SZ,11.44,11.53,11.37,11.46,100747059
2024-12-05,000001.SZ,11.44,11.5,11.41,11.44,68710883
2024-12-06,000001.SZ,11.44,11.7,11.43,11.66,172626927
2024-12-09,000001.SZ,11.63,11.72,11.59,11.67,96406316
2024-12-10,000001.SZ,11.9,11.95,11.75,11.79,216780724
2024-12-11,000001.SZ,11.79,11.83,11.72,11.73,96769145
2024-12-12,000001.SZ,11.73,11.87,11.71,11.85,98623459
2024-12-13,000001.SZ,11.79,11.8,11.56,11.56,134379289
2024-12-16,000001.SZ,11.56,11.66,11.53,11.57,80571778
2024-12-17,000001.SZ,11.57,11.65,11.52,11.53,80211995
2024-12-18,000001.SZ,11.58,11.74,11.57,11.65,101658966
2024-12-19,000001.SZ,11.59,11.64,11.54,11.59,69737904
2024-12-20,000001.SZ,11.59,11.7,11.58,11.62,71464627
2024-12-23,000001.SZ,11.64,11.84,11.64,11.73,165940476
2024-12-24,000001.SZ,11.72,11.87,11.72,11.86,135083691
2024-12-25,000001.SZ,11.86,12.02,11.84,11.92,147528294
2024-12-26,000001.SZ,11.92,11.93,11.78,11.86,100007470
2024-12-27,000001.SZ,11.87,11.9,11.66,11.83,129001228
2024-12-30,000001.SZ,11.78,11.97,11.78,11.95,135184636
2024-12-31,000001.SZ,11.93,11.99,11.7,11.7,147536733
2025-01-02,000001.SZ,11.73,11.77,11.39,11.43,181959699
2025-01-03,000001.SZ,11.44,11.54,11.36,11.38,115468044
2025-01-06,000001.SZ,11.38,11.48,11.22,11.44,108553630
2025-01-07,000001.SZ,11.42,11.53,11.37,11.51,74786288
2025-01-08,000001.SZ,11.5,11.63,11.4,11.5,106238601
2025-01-09,000001.SZ,11.5,11.5,11.35,11.4,75148330
2025-01-10,000001.SZ,11.4,11.46,11.28,11.3,79813351
2025-01-13,000001.SZ,11.25,11.26,11.08,11.2,93496618
2025-01-14,000001.SZ,11.2,11.4,11.19,11.38,82462895
2025-01-15,000001.SZ,11.38,11.58,11.36,11.48,103163082
2025-01-16,000001.SZ,11.55,11.59,11.47,11.57,87296399
2025-01-17,000001.SZ,11.53,11.55,11.42,11.45,68976486
2025-01-20,000001.SZ,11.5,11.52,11.4,11.42,83202913
2025-01-21,000001.SZ,11.45,11.45,11.32,11.33,90206894
2025-01-22,000001.SZ,11.32,11.33,11.08,11.09,134712922
2025-01-23,000001.SZ,11.17,11.4,11.17,11.32,151492027
2025-01-24,000001.SZ,11.32,11.39,11.22,11.34,94494421
2025-01-27,000001.SZ,11.38,11.55,11.38,11.47,115193471
2025-02-05,000001.SZ,11.5,11.52,11.33,11.37,84343370
2025-02-06,000001.SZ,11.35,11.45,11.3,11.36,95560325
2025-02-07,000001.SZ,11.36,11.45,11.31,11.38,140749262
2025-02-10,000001.SZ,11.38,11.5,11.36,11.43,102659093
2025-02-11,000001.SZ,11.4,11.47,11.37,11.42,84452003
2025-02-12,000001.SZ,11.41,11.43,11.34,11.42,98880683
2025-02-13,000001.SZ,11.42,11.55,11.4,11.5,135863927
2025-02-14,000001.SZ,11.49,11.55,11.43,11.55,97305774
2025-02-17,000001.SZ,11.6,11.8,11.55,11.78,206196542
2025-02-18,000001.SZ,11.76,11.96,11.76,11.81,199661049
2025-02-19,000001.SZ,11.8,11.81,11.68,11.71,117774895
2025-02-20,000001.SZ,11.71,11.76,11.65,11.66,78439627
2025-02-21,000001.SZ,11.69,11.71,11.55,11.64,97396897
2025-02-24,000001.SZ,11.63,11.69,11.56,11.59,94995617
2025-02-25,000001.SZ,11.56,11.58,11.46,11.47,91715602
2025-02-26,000001.SZ,11.47,11.6,11.47,11.52,84164552
2025-02-27,000001.SZ,11.53,11.63,11.46,11.62,97730975
2025-02-28,000001.SZ,11.58,11.68,11.5,11.53,94908806
2025-03-03,000001.SZ,11.52,11.56,11.45,11.51,83045695
2025-03-04,000001.SZ,11.47,11.55,11.44,11.51,68317873
2025-03-05,000001.SZ,11.52,11.67,11.48,11.66,108064544
2025-03-06,000001.SZ,11.69,11.7,11.6,11.63,87740771
2025-03-07,000001.SZ,11.63,11.69,11.6,11.67,83553669
2025-03-10,000001.SZ,11.66,11.67,11.55,11.59,66383393
2025-03-11,000001.SZ,11.54,11.61,11.52,11.61,60897527
2025-03-12,000001.SZ,11.6,11.87,11.56,11.85,187731840
2025-03-13,000001.SZ,11.81,11.91,11.78,11.84,131237121
2025-03-14,000001.SZ,11.82,12.0,11.82,11.97,172241765
2025-03-17,000001.SZ,11.63,11.67,11.46,11.5,460361210
2025-03-18,000001.SZ,11.52,11.54,11.48,11.49,160529000
2025-03-19,000001.SZ,11.48,11.53,11.46,11.52,136245491
2025-03-20,000001.SZ,11.51,11.61,11.49,11.49,110115724
2025-03-21,000001.SZ,11.49,11.52,11.39,11.42,137638897
2025-03-24,000001.SZ,11.41,11.44,11.34,11.38,116457734
2025-03-25,000001.SZ,11.38,11.43,11.36,11.43,73560888
2025-03-26,000001.SZ,11.42,11.43,11.37,11.38,74086307
2025-03-27,000001.SZ,11.37,11.41,11.35,11.39,55334940
2025-03-28,000001.SZ,11.39,11.4,11.34,11.35,64494555
2025-03-31,000001.SZ,11.36,11.38,11.26,11.26,111612564
2025-04-01,000001.SZ,11.27,11.3,11.22,11.27,68147042
2025-04-02,000001.SZ,11.25,11.41,11.25,11.37,93264176
2025-04-03,000001.SZ,11.31,11.39,11.3,11.34,64391391
2025-04-07,000001.SZ,11.0,11.05,10.48,10.7,254556048
2025-04-08,000001.SZ,10.68,10.85,10.66,10.82,146398771
2025-04-09,000001.SZ,10.73,10.83,10.66,10.8,106439405
2025-04-10,000001.SZ,10.86,10.93,10.82,10.9,86654805
2025-04-11,000001.SZ,10.87,10.9,10.83,10.89,58387902
2025-04-14,000001.SZ,10.95,11.04,10.92,10.93,78599345
2025-04-15,000001.SZ,10.92,10.97,10.9,10.95,72275410
2025-04-16,000001.SZ,10.93,11.01,10.91,11.0,84282217
2025-04-17,000001.SZ,10.95,11.08,10.93,11.06,82391931
2025-04-18,000001.SZ,11.04,11.19,11.03,11.18,72709815
2025-04-21,000001.SZ,11.0,11.13,10.97,11.02,111418418
2025-04-22,000001.SZ,11.02,11.06,10.98,11.04,83112887
2025-04-23,000001.SZ,11.04,11.05,10.97,11.01,58638293
2025-04-24,000001.SZ,11.0,11.06,10.99,11.03,68925613
2025-04-25,000001.SZ,11.04,11.05,10.99,11.01,63754686
2025-04-28,000001.SZ,11.0,11.04,10.96,11.0,64201837
2025-04-29,000001.SZ,11.0,11.02,10.95,10.98,64904494
2025-04-30,000001.SZ,10.96,10.97,10.89,10.91,86983492
2025-05-06,000001.SZ,10.92,11.0,10.89,10.96,85467127
2025-05-07,000001.SZ,11.01,11.04,10.97,11.03,112627001
2025-05-08,000001.SZ,11.0,11.08,10.99,11.08,105661366
2025-05-09,000001.SZ,11.07,11.17,11.06,11.15,99989747
2025-05-12,000001.SZ,11.16,11.22,11.13,11.16,89560460
2025-05-13,000001.SZ,11.19,11.33,11.15,11.29,126103062
2025-05-14,000001.SZ,11.29,11.47,11.25,11.43,168351358
2025-05-15,000001.SZ,11.43,11.5,11.38,11.39,103546026
2025-05-16,000001.SZ,11.37,11.43,11.31,11.38,91474445
2025-05-19,000001.SZ,11.4,11.47,11.36,11.37,83139060
2025-05-20,000001.SZ,11.4,11.47,11.37,11.39,64363480
2025-05-21,000001.SZ,11.4,11.59,11.39,11.48,132827810
2025-05-22,000001.SZ,11.45,11.56,11.44,11.55,100296806
2025-05-23,000001.SZ,11.55,11.6,11.43,11.46,96264311
2025-05-26,000001.SZ,11.44,11.5,11.4,11.42,69915858
2025-05-27,000001.SZ,11.45,11.54,11.42,11.49,80191514
2025-05-28,000001.SZ,11.5,11.55,11.44,11.53,65817947
2025-05-29,000001.SZ,11.52,11.55,11.45,11.46,91980676
2025-05-30,000001.SZ,11.47,11.58,11.44,11.56,113084931
2025-06-03,000001.SZ,11.54,11.91,11.53,11.81,219247966
2025-06-04,000001.SZ,11.82,11.88,11.78,11.84,116795950
2025-06-05,000001.SZ,11.88,11.91,11.66,11.67,116680349
2025-06-06,000001.SZ,11.7,11.79,11.68,11.7,68235251
2025-06-09,000001.SZ,11.73,11.75,11.65,11.71,77325468
2025-06-10,000001.SZ,11.72,11.89,11.71,11.81,142813180
2025-06-11,000001.SZ,11.82,11.93,11.79,11.85,109466664
2025-06-12,000001.SZ,11.56,11.7,11.52,11.68,129022047
2025-06-13,000001.SZ,11.68,11.74,11.56,11.58,109549419
2025-06-16,000001.SZ,11.57,11.79,11.53,11.79,117443827
2025-06-17,000001.SZ,11.79,11.88,11.71,11.76,89002734
2025-06-18,000001.SZ,11.78,11.81,11.66,11.77,68352111
2025-06-19,000001.SZ,11.76,11.78,11.65,11.7,83224716
2025-06-20,000001.SZ,11.7,11.86,11.67,11.84,130919782
2025-06-23,000001.SZ,11.81,11.97,11.67,11.93,138917048
2025-06-24,000001.SZ,11.9,12.01,11.84,11.93,130852531
2025-06-25,000001.SZ,11.93,12.08,11.83,12.06,167511647
2025-06-26,000001.SZ,12.05,12.48,12.01,12.41,217457766
2025-06-27,000001.SZ,12.37,12.58,12.13,12.2,237760015
2025-06-30,000001.SZ,12.14,12.17,11.96,12.07,150481965
2025-07-01,000001.SZ,12.06,12.33,12.06,12.3,135434108
2025-07-02,000001.SZ,12.31,12.41,12.23,12.32,120041184
2025-07-03,000001.SZ,12.33,12.42,12.28,12.35,79408597
2025-07-04,000001.SZ,12.35,12.72,12.3,12.6,177533267
2025-07-07,000001.SZ,12.6,12.82,12.6,12.78,149540653
2025-07-08,000001.SZ,12.75,12.84,12.65,12.69,109098597
2025-07-09,000001.SZ,12.66,12.9,12.66,12.84,120596330
2025-07-10,000001.SZ,12.82,13.33,12.79,13.18,248141553
2025-07-11,000001.SZ,13.19,13.3,12.89,12.91,244374350
2025-07-14,000001.SZ,12.87,13.17,12.86,12.98,187289585
2025-07-15,000001.SZ,12.99,13.04,12.71,12.73,181053131
2025-07-16,000001.SZ,12.73,12.76,12.5,12.64,192786379
2025-07-17,000001.SZ,12.61,12.7,12.54,12.59,94464140
2025-07-18,000001.SZ,12.62,12.75,12.6,12.7,124120611
2025-07-21,000001.SZ,12.64,12.71,12.55,12.61,107902662
2025-07-22,000001.SZ,12.6,12.6,12.32,12.49,193522916
2025-07-23,000001.SZ,12.46,12.63,12.45,12.53,137052000
2025-07-24,000001.SZ,12.53,12.53,12.33,12.35,195935057
2025-07-25,000001.SZ,12.33,12.46,12.32,12.35,110826666
2025-07-28,000001.SZ,12.35,12.53,12.32,12.46,123824278
2025-07-29,000001.SZ,12.46,12.51,12.34,12.34,101281801
2025-07-30,000001.SZ,12.35,12.64,12.34,12.49,171516360
2025-07-31,000001.SZ,12.51,12.55,12.22,12.23,169008125
2025-08-01,000001.SZ,12.24,12.33,12.15,12.28,101218698
2025-08-04,000001.SZ,12.24,12.38,12.21,12.3,103268969
2025-08-05,000001.SZ,12.3,12.5,12.28,12.47,113207820
2025-08-06,000001.SZ,12.47,12.52,12.4,12.46,69044765
2025-08-07,000001.SZ,12.44,12.53,12.39,12.47,72205305
2025-08-08,000001.SZ,12.48,12.53,12.39,12.4,82979591
2025-08-11,000001.SZ,12.4,12.42,12.27,12.3,93435315
2025-08-12,000001.SZ,12.3,12.4,12.3,12.33,68005619
2025-08-13,000001.SZ,12.37,12.4,12.23,12.26,111981305
2025-08-14,000001.SZ,12.27,12.34,12.19,12.2,124104129
2025-08-15,000001.SZ,12.23,12.23,11.94,12.08,194850295
2025-08-18,000001.SZ,12.06,12.15,12.03,12.08,123905837
2025-08-19,000001.SZ,12.1,12.12,12.02,12.06,89285989
2025-08-20,000001.SZ,12.06,12.12,11.98,12.07,104873853
2025-08-21,000001.SZ,12.05,12.19,12.03,12.15,121741825
2025-08-22,000001.SZ,12.15,12.17,11.98,12.06,164425977
2025-08-25,000001.SZ,12.12,12.53,12.1,12.45,304508753
2025-08-26,000001.SZ,12.45,12.5,12.3,12.36,138359861
2025-08-27,000001.SZ,12.32,12.36,12.05,12.06,186004950
2025-08-28,000001.SZ,12.09,12.14,11.97,12.08,165358793
2025-08-29,000001.SZ,12.05,12.22,12.03,12.05,180512568
2025-09-01,000001.SZ,12.05,12.05,11.85,11.89,185845902
2025-09-02,000001.SZ,11.85,11.99,11.84,11.98,149271566
2025-09-03,000001.SZ,11.98,12.01,11.74,11.75,136723249
2025-09-04,000001.SZ,11.76,11.77,11.6,11.74,129530002
2025-09-05,000001.SZ,11.73,11.74,11.63,11.72,81966156
2025-09-08,000001.SZ,11.71,11.78,11.67,11.7,92443104
2025-09-09,000001.SZ,11.71,11.78,11.68,11.75,86053917
2025-09-10,000001.SZ,11.74,11.79,11.71,11.77,79266839
2025-09-11,000001.SZ,11.77,11.85,11.71,11.85,96393163
2025-09-12,000001.SZ,11.83,11.88,11.7,11.72,94038510
2025-09-15,000001.SZ,11.7,11.72,11.63,11.65,84038656
2025-09-16,000001.SZ,11.66,11.71,11.61,11.64,70804849
2025-09-17,000001.SZ,11.64,11.67,11.58,11.64,77112893
2025-09-18,000001.SZ,11.65,11.66,11.38,11.41,138616040
2025-09-19,000001.SZ,11.41,11.51,11.37,11.45,83465123
2025-09-22,000001.SZ,11.44,11.47,11.37,11.38,59640232
2025-09-23,000001.SZ,11.37,11.58,11.32,11.52,134143022
2025-09-24,000001.SZ,11.51,11.62,11.43,11.46,113958347
2025-09-25,000001.SZ,11.43,11.47,11.36,11.4,77327594
2025-09-26,000001.SZ,11.39,11.44,11.32,11.4,75323875
2025-09-29,000001.SZ,11.4,11.48,11.27,11.37,117601243
2025-09-30,000001.SZ,11.37,11.37,11.29,11.34,83247947
2025-10-09,000001.SZ,11.33,11.41,11.27,11.4,104746906
2025-10-10,000001.SZ,11.37,11.49,11.36,11.43,108794775
2025-10-13,000001.SZ,11.32,11.46,11.28,11.4,116880173
2025-10-14,000001.SZ,11.39,11.6,11.36,11.57,184342836
2025-10-15,000001.SZ,11.34,11.42,11.26,11.4,127106103
2025-10-16,000001.SZ,11.38,11.55,11.36,11.54,126193687
2025-10-17,000001.SZ,11.5,11.58,11.38,11.4,103966632
2025-10-20,000001.SZ,11.41,11.45,11.27,11.42,95264110
2025-10-21,000001.SZ,11.4,11.47,11.39,11.43,76116462
2025-10-22,000001.SZ,11.4,11.54,11.4,11.52,83370319
2025-10-23,000001.SZ,11.52,11.71,11.5,11.63,137311158
2025-10-24,000001.SZ,11.6,11.68,11.55,11.56,98047530
2025-10-27,000001.SZ,11.54,11.61,11.44,11.52,123948526
2025-10-28,000001.SZ,11.53,11.58,11.42,11.47,82156818
2025-10-29,000001.SZ,11.46,11.46,11.36,11.39,96621364
2025-10-30,000001.SZ,11.38,11.47,11.36,11.38,94377015
2025-10-31,000001.SZ,11.38,11.4,11.3,11.32,97019293
2025-11-03,000001.SZ,11.34,11.44,11.3,11.43,95232643
2025-11-04,000001.SZ,11.42,11.64,11.4,11.59,150300748
2025-11-05,000001.SZ,11.59,11.6,11.5,11.52,79492605
2025-11-06,000001.SZ,11.5,11.58,11.47,11.51,76658546
2025-11-07,000001.SZ,11.52,11.58,11.5,11.55,73485055
2025-11-10,000001.SZ,11.52,11.64,11.45,11.63,82720833
2025-11-11,000001.SZ,11.62,11.69,11.57,11.67,88650887
2025-11-12,000001.SZ,11.7,11.79,11.65,11.68,114132538
2025-11-13,000001.SZ,11.68,11.72,11.57,11.7,97899103
2025-11-14,000001.SZ,11.67,11.84,11.66,11.75,131699498
2025-11-17,000001.SZ,11.75,11.75,11.62,11.67,99523287
2025-11-18,000001.SZ,11.65,11.69,11.57,11.59,67007735
2025-11-19,000001.SZ,11.58,11.83,11.57,11.8,133499619
2025-11-20,000001.SZ,11.79,11.99,11.74,11.85,163703985
2025-11-21,000001.SZ,11.8,11.88,11.66,11.69,146535888
2025-11-24,000001.SZ,11.7,11.73,11.6,11.6,111711880
2025-11-25,000001.SZ,11.61,11.8,11.58,11.8,102808052
2025-11-26,000001.SZ,11.81,11.85,11.65,11.69,82130109
2025-11-27,000001.SZ,11.66,11.71,11.58,11.71,101184710
2025-11-28,000001.SZ,11.67,11.68,11.58,11.61,88435845
2025-12-01,000001.SZ,11.6,11.7,11.53,11.69,103732271
2025-12-02,000001.SZ,11.68,11.73,11.59,11.64,76805993
2025-12-03,000001.SZ,11.64,11.7,11.54,11.55,94460109
2025-12-04,000001.SZ,11.55,11.58,11.46,11.49,88608988
2025-12-05,000001.SZ,11.49,11.54,11.4,11.53,89076609
2025-12-08,000001.SZ,11.49,11.6,11.48,11.52,85589893
2025-12-09,000001.SZ,11.52,11.54,11.43,11.43,73395745
2025-12-10,000001.SZ,11.44,11.46,11.29,11.33,104406472
2025-12-11,000001.SZ,11.35,11.39,11.3,11.37,92526129
2025-12-12,000001.SZ,11.37,11.43,11.3,11.35,119189472
2025-12-15,000001.SZ,11.34,11.54,11.33,11.51,94083253
2025-12-16,000001.SZ,11.49,11.55,11.44,11.48,64735136
2025-12-17,000001.SZ,11.47,11.58,11.42,11.53,70149533
2025-12-18,000001.SZ,11.51,11.65,11.48,11.64,79046654
2025-12-19,000001.SZ,11.63,11.65,11.58,11.62,64988619
2025-12-22,000001.SZ,11.61,11.61,11.51,11.52,74236916
2025-12-23,000001.SZ,11.52,11.6,11.5,11.56,66626574
2025-12-24,000001.SZ,11.55,11.58,11.49,11.54,50524356
2025-12-25,000001.SZ,11.54,11.62,11.52,11.56,54745523
2025-12-26,000001.SZ,11.56,11.59,11.53,11.54,43633984
2025-12-29,000001.SZ,11.54,11.62,11.5,11.56,64829542
2025-12-30,000001.SZ,11.53,11.56,11.45,11.48,58258433
2025-12-31,000001.SZ,11.48,11.49,11.4,11.41,59062037
2026-01-05,000001.SZ,11.42,11.51,11.41,11.5,87549118
2026-01-06,000001.SZ,11.5,11.68,11.48,11.67,130464842
2026-01-07,000001.SZ,11.66,11.82,11.62,11.64,96623624
2026-01-08,000001.SZ,11.64,11.65,11.49,11.51,110008511
2026-01-09,000001.SZ,11.53,11.53,11.44,11.46,98339004
2026-01-12,000001.SZ,11.45,11.49,11.42,11.48,85521298
2026-01-13,000001.SZ,11.48,11.54,11.44,11.47,106154122
2026-01-14,000001.SZ,11.47,11.47,11.35,11.36,127475714
2026-01-15,000001.SZ,11.33,11.37,11.3,11.31,88495977
2026-01-16,000001.SZ,11.34,11.34,11.16,11.19,111947254
2026-01-19,000001.SZ,11.15,11.21,11.11,11.12,80474131
2026-01-20,000001.SZ,11.12,11.2,11.11,11.16,77227609
2026-01-21,000001.SZ,11.15,11.18,11.06,11.07,90012491
2026-01-22,000001.SZ,11.07,11.15,11.05,11.07,78863462
2026-01-23,000001.SZ,11.07,11.09,10.98,10.99,110999429
2026-01-26,000001.SZ,10.98,11.06,10.92,10.96,110624665
2026-01-27,000001.SZ,10.96,11.03,10.93,10.94,89409121
2026-01-28,000001.SZ,10.94,10.99,10.82,10.84,143876603
2026-01-29,000001.SZ,10.84,10.98,10.66,10.96,185299383
2026-01-30,000001.SZ,10.94,11.03,10.83,10.83,109175497
2026-02-02,000001.SZ,10.82,11.03,10.8,10.86,122317302
2026-02-03,000001.SZ,10.89,10.9,10.77,10.84,80662816
2026-02-04,000001.SZ,10.85,10.98,10.84,10.97,69541547
2026-02-05,000001.SZ,10.98,11.11,10.96,11.09,117759109
2026-02-06,000001.SZ,11.08,11.14,10.99,11.05,72770959
2026-02-09,000001.SZ,11.05,11.11,11.01,11.07,61971670
2026-02-10,000001.SZ,11.07,11.1,11.02,11.06,60042999
2026-02-11,000001.SZ,11.06,11.09,11.02,11.07,43104098
2026-02-12,000001.SZ,11.07,11.08,10.93,10.96,68134024
2026-02-13,000001.SZ,10.96,10.99,10.9,10.91,55504736
2026-02-24,000001.SZ,10.93,10.95,10.88,10.91,60251240
2026-02-25,000001.SZ,10.91,10.95,10.78,10.86,106313487
2026-02-26,000001.SZ,10.86,10.91,10.8,10.87,71273019
2026-02-27,000001.SZ,10.86,10.92,10.84,10.9,61222796
2026-03-02,000001.SZ,10.85,10.89,10.77,10.85,83887355
2026-03-03,000001.SZ,10.85,10.95,10.8,10.88,102869483
2026-03-04,000001.SZ,10.84,10.84,10.67,10.71,108971396
2026-03-05,000001.SZ,10.72,10.84,10.7,10.81,71264118
2026-03-06,000001.SZ,10.78,10.84,10.77,10.82,47657680
2026-03-09,000001.SZ,10.79,10.82,10.74,10.76,83589238
2026-03-10,000001.SZ,10.77,10.81,10.73,10.81,79011168
2026-03-11,000001.SZ,10.79,10.9,10.77,10.89,72053464
2026-03-12,000001.SZ,10.87,10.96,10.85,10.94,75490558
2026-03-13,000001.SZ,10.93,11.0,10.87,10.93,84193915
2026-03-16,000001.SZ,10.93,10.97,10.88,10.92,71560301
2026-03-17,000001.SZ,10.91,11.07,10.9,11.03,107665681
2026-03-18,000001.SZ,11.04,11.04,10.91,10.96,79107940
2026-03-19,000001.SZ,10.92,10.97,10.86,10.88,62421195
2026-03-20,000001.SZ,10.87,10.94,10.76,10.77,83408256
2026-03-23,000001.SZ,10.68,10.68,10.43,10.45,158008833
2026-03-24,000001.SZ,10.52,10.89,10.52,10.88,162225127
2026-03-25,000001.SZ,10.89,10.95,10.79,10.94,74477991
2026-03-26,000001.SZ,10.91,11.05,10.9,10.94,82766409
2026-03-27,000001.SZ,10.91,11.05,10.83,11.02,88412862
2026-03-30,000001.SZ,10.98,11.05,10.94,10.99,63252210
2026-03-31,000001.SZ,11.0,11.18,10.99,11.08,116456534
2026-04-01,000001.SZ,11.09,11.23,11.08,11.15,91892539
2026-04-02,000001.SZ,11.15,11.32,11.13,11.27,114889522
2026-04-03,000001.SZ,11.28,11.28,11.09,11.12,75775733
2026-04-07,000001.SZ,11.12,11.14,10.97,11.03,60795521
2026-04-08,000001.SZ,11.11,11.22,11.05,11.22,81297589
2026-04-09,000001.SZ,11.17,11.22,11.06,11.1,60236493
2026-04-10,000001.SZ,11.1,11.13,11.07,11.09,48104693
2026-04-13,000001.SZ,11.05,11.09,11.03,11.07,40610413
2026-04-14,000001.SZ,11.07,11.17,11.07,11.17,49615109
2026-04-15,000001.SZ,11.16,11.22,11.15,11.21,50393793
2026-04-16,000001.SZ,11.2,11.23,11.07,11.09,68091460
2026-04-17,000001.SZ,11.09,11.11,10.99,11.01,72253042
2026-04-20,000001.SZ,11.01,11.07,10.96,11.06,63003366
2026-04-21,000001.SZ,11.04,11.16,11.03,11.08,80694634
2026-04-22,000001.SZ,11.08,11.09,10.95,10.98,83905399
2026-04-23,000001.SZ,10.98,11.03,10.93,11.0,64806661
2026-04-24,000001.SZ,10.98,11.03,10.92,11.0,58271012
2026-04-27,000001.SZ,11.33,11.57,11.29,11.38,340127567
2026-04-28,000001.SZ,11.36,11.46,11.32,11.46,167425883
2026-04-29,000001.SZ,11.43,11.54,11.39,11.52,137842344
2026-04-30,000001.SZ,11.5,11.6,11.46,11.49,113924162
2026-05-06,000001.SZ,11.5,11.5,11.3,11.36,121638755
2026-05-07,000001.SZ,11.37,11.39,11.3,11.37,93695806
2026-05-08,000001.SZ,11.34,11.42,11.3,11.3,79881986
2024-05-09,600036.SH,29.62,29.95,29.62,29.86,512391
2024-05-10,600036.SH,29.86,30.87,29.82,30.64,940366
2024-05-13,600036.SH,30.46,31.09,30.35,30.93,747800
2024-05-14,600036.SH,30.91,31.15,30.22,30.36,687779
2024-05-15,600036.SH,30.35,30.46,29.71,30.07,674944
2024-05-16,600036.SH,30.1,31.47,30.02,31.27,1291476
2024-05-17,600036.SH,31.32,31.92,31.08,31.87,916879
2024-05-20,600036.SH,31.87,32.02,31.11,31.4,914250
2024-05-21,600036.SH,31.38,31.54,31.15,31.26,445999
2024-05-22,600036.SH,31.24,31.4,30.78,31.08,664477
2024-05-23,600036.SH,30.92,31.03,30.34,30.52,924585
2024-05-24,600036.SH,30.32,30.5,29.68,29.76,870440
2024-05-27,600036.SH,29.87,30.23,29.77,30.16,570938
2024-05-28,600036.SH,30.12,30.35,29.74,29.85,476191
2024-05-29,600036.SH,29.77,30.08,29.48,29.59,491041
2024-05-30,600036.SH,29.47,29.92,29.2,29.36,559245
2024-05-31,600036.SH,29.55,29.62,29.3,29.3,508932
2024-06-03,600036.SH,29.24,29.4,28.94,29.17,608111
2024-06-04,600036.SH,29.17,29.7,29.12,29.56,533788
2024-06-05,600036.SH,29.7,29.72,28.91,29.01,691041
2024-06-06,600036.SH,29.11,29.22,28.8,29.02,677241
2024-06-07,600036.SH,29.07,29.27,28.67,29.01,678266
2024-06-11,600036.SH,28.8,28.99,28.14,28.38,690448
2024-06-12,600036.SH,28.37,28.38,27.97,28.11,511381
2024-06-13,600036.SH,28.22,28.24,27.74,27.84,550184
2024-06-14,600036.SH,27.84,29.04,27.84,28.83,991674
2024-06-17,600036.SH,28.62,28.82,28.41,28.75,457682
2024-06-18,600036.SH,28.88,29.32,28.64,28.73,453675
2024-06-19,600036.SH,28.73,29.42,28.68,29.17,585937
2024-06-20,600036.SH,29.18,29.25,28.92,29.03,392467
2024-06-21,600036.SH,28.9,29.1,28.51,28.72,523963
2024-06-24,600036.SH,28.81,29.24,28.51,29.09,692590
2024-06-25,600036.SH,29.09,29.49,28.99,29.32,638160
2024-06-26,600036.SH,29.2,29.38,28.97,29.08,452638
2024-06-27,600036.SH,28.98,29.36,28.85,29.28,555173
2024-06-28,600036.SH,29.22,29.5,29.06,29.21,525749
2024-07-01,600036.SH,29.21,29.42,28.97,29.38,472239
2024-07-02,600036.SH,29.4,30.27,29.38,30.1,868771
2024-07-03,600036.SH,30.03,30.11,29.33,29.48,691373
2024-07-04,600036.SH,29.56,30.06,29.5,29.73,696919
2024-07-05,600036.SH,29.73,29.85,28.68,28.9,967783
2024-07-08,600036.SH,28.87,29.25,28.73,29.01,545730
2024-07-09,600036.SH,29.01,29.57,28.74,29.49,621037
2024-07-10,600036.SH,29.49,30.02,29.47,29.7,726314
2024-07-11,600036.SH,30.07,30.12,29.78,29.89,732389
2024-07-12,600036.SH,30.0,31.07,30.0,30.99,944904
2024-07-15,600036.SH,30.99,31.04,30.71,30.77,474604
2024-07-16,600036.SH,30.75,30.88,30.45,30.78,455793
2024-07-17,600036.SH,30.69,31.18,30.64,31.06,577954
2024-07-18,600036.SH,31.06,31.24,30.75,31.08,598627
2024-07-19,600036.SH,30.99,31.29,30.58,31.24,810072
2024-07-22,600036.SH,31.16,31.16,30.08,30.33,808206
2024-07-23,600036.SH,30.33,30.7,30.22,30.33,538755
2024-07-24,600036.SH,30.44,30.57,30.02,30.17,482453
2024-07-25,600036.SH,30.21,30.31,29.36,29.82,762079
2024-07-26,600036.SH,29.79,30.03,29.1,29.36,601462
2024-07-29,600036.SH,29.37,29.64,29.19,29.44,413475
2024-07-30,600036.SH,29.39,29.58,29.14,29.41,390782
2024-07-31,600036.SH,29.41,29.99,29.24,29.72,595370
2024-08-01,600036.SH,29.72,29.84,29.26,29.7,409139
2024-08-02,600036.SH,29.41,29.59,29.22,29.27,386130
2024-08-05,600036.SH,29.19,29.51,29.04,29.09,584420
2024-08-06,600036.SH,29.35,29.38,28.5,28.69,514389
2024-08-07,600036.SH,28.72,28.89,28.54,28.57,390732
2024-08-08,600036.SH,28.6,28.97,28.37,28.92,394600
2024-08-09,600036.SH,28.96,29.57,28.8,29.32,482748
2024-08-12,600036.SH,29.29,29.33,28.92,29.11,318943
2024-08-13,600036.SH,29.09,29.22,28.75,28.93,282378
2024-08-14,600036.SH,28.89,29.13,28.8,28.85,282446
2024-08-15,600036.SH,28.84,29.91,28.64,29.75,739790
2024-08-16,600036.SH,29.74,30.24,29.71,30.14,418503
2024-08-19,600036.SH,30.24,30.49,30.02,30.41,422843
2024-08-20,600036.SH,30.44,30.59,30.15,30.47,423729
2024-08-21,600036.SH,30.29,30.42,29.81,30.23,378101
2024-08-22,600036.SH,30.27,30.54,30.17,30.29,382864
2024-08-23,600036.SH,30.26,30.84,30.06,30.69,465587
2024-08-26,600036.SH,30.69,30.83,30.46,30.76,351175
2024-08-27,600036.SH,30.76,30.93,30.52,30.69,387209
2024-08-28,600036.SH,30.82,30.97,30.43,30.67,415232
2024-08-29,600036.SH,30.58,30.76,29.89,29.92,516388
2024-08-30,600036.SH,29.79,30.1,29.11,29.14,1112230
2024-09-02,600036.SH,28.99,29.37,28.83,28.92,558021
2024-09-03,600036.SH,29.0,29.07,28.39,28.61,505752
2024-09-04,600036.SH,28.52,28.92,28.34,28.35,380526
2024-09-05,600036.SH,28.35,28.43,27.89,28.19,542063
2024-09-06,600036.SH,28.24,28.73,28.19,28.24,383182
2024-09-09,600036.SH,27.97,27.98,27.03,27.23,871073
2024-09-10,600036.SH,27.24,27.42,26.93,27.18,476024
2024-09-11,600036.SH,27.13,27.19,26.92,27.07,415794
2024-09-12,600036.SH,27.09,27.49,26.93,27.22,410267
2024-09-13,600036.SH,27.27,27.89,26.99,27.59,495974
2024-09-18,600036.SH,27.6,28.19,27.6,28.1,418540
2024-09-19,600036.SH,28.19,28.22,27.62,27.81,451191
2024-09-20,600036.SH,27.81,28.1,27.65,27.93,487418
2024-09-23,600036.SH,27.84,28.48,27.83,28.38,344609
2024-09-24,600036.SH,28.67,30.13,28.66,30.12,1361218
2024-09-25,600036.SH,30.84,31.48,30.69,31.14,1856243
2024-09-26,600036.SH,31.15,32.37,30.9,32.37,1745330
2024-09-27,600036.SH,33.1,33.49,31.9,32.62,745458
2024-09-30,600036.SH,33.34,34.99,32.91,34.6,2561013
2024-10-08,600036.SH,38.36,38.36,35.81,36.99,2973039
2024-10-09,600036.SH,36.69,36.71,34.0,34.0,1855932
2024-10-10,600036.SH,34.39,36.49,34.39,35.72,1433298
2024-10-11,600036.SH,35.72,36.21,35.02,35.42,903476
2024-10-14,600036.SH,36.0,36.79,35.68,36.32,1292938
2024-10-15,600036.SH,36.16,36.98,35.49,35.49,955977
2024-10-16,600036.SH,35.14,36.49,35.12,36.49,1012548
2024-10-17,600036.SH,36.52,36.78,35.48,35.48,848922
2024-10-18,600036.SH,35.5,36.42,35.2,36.04,928194
2024-10-21,600036.SH,36.14,36.14,35.49,35.84,717539
2024-10-22,600036.SH,35.83,36.59,35.74,36.16,600526
2024-10-23,600036.SH,36.05,36.93,36.01,36.65,627100
2024-10-24,600036.SH,36.54,36.67,36.13,36.3,336312
2024-10-25,600036.SH,36.24,36.48,36.05,36.09,447931
2024-10-28,600036.SH,36.0,36.09,35.27,35.51,664641
2024-10-29,600036.SH,35.59,36.09,35.4,35.59,514682
2024-10-30,600036.SH,35.5,35.89,34.6,34.87,703408
2024-10-31,600036.SH,34.79,34.98,33.9,34.35,850393
2024-11-01,600036.SH,34.43,35.29,34.37,35.0,703102
2024-11-04,600036.SH,35.09,35.74,34.4,35.74,646612
2024-11-05,600036.SH,35.42,36.09,35.39,36.07,628745
2024-11-06,600036.SH,35.99,36.07,35.14,35.55,648336
2024-11-07,600036.SH,35.41,36.57,35.37,36.56,743472
2024-11-08,600036.SH,36.67,36.84,35.74,35.79,745368
2024-11-11,600036.SH,35.29,35.69,34.88,35.32,703146
2024-11-12,600036.SH,35.18,35.83,34.5,34.58,893289
2024-11-13,600036.SH,34.58,34.97,34.5,34.81,485304
2024-11-14,600036.SH,34.65,35.47,34.52,35.05,676440
2024-11-15,600036.SH,35.07,35.56,34.8,34.81,699277
2024-11-18,600036.SH,35.04,35.65,34.79,34.89,763448
2024-11-19,600036.SH,34.9,35.17,34.44,34.71,521249
2024-11-20,600036.SH,34.79,34.84,34.39,34.47,451291
2024-11-21,600036.SH,34.47,34.65,34.26,34.42,350336
2024-11-22,600036.SH,34.42,34.54,33.35,33.44,690491
2024-11-25,600036.SH,33.69,33.85,33.11,33.21,534095
2024-11-26,600036.SH,33.02,33.57,32.83,33.38,459421
2024-11-27,600036.SH,33.38,33.67,33.1,33.59,392077
2024-11-28,600036.SH,33.59,33.84,33.17,33.46,451939
2024-11-29,600036.SH,33.58,33.99,33.3,33.33,664380
2024-12-02,600036.SH,33.44,33.67,33.19,33.5,424652
2024-12-03,600036.SH,33.64,34.21,33.37,34.11,721986
2024-12-04,600036.SH,34.08,34.08,33.52,33.8,620511
2024-12-05,600036.SH,33.65,34.35,33.6,33.9,568949
2024-12-06,600036.SH,34.0,34.81,34.0,34.69,877236
2024-12-09,600036.SH,34.58,34.98,34.34,34.69,492995
2024-12-10,600036.SH,35.79,35.98,35.39,35.59,1038953
2024-12-11,600036.SH,35.53,35.78,35.22,35.29,517709
2024-12-12,600036.SH,35.28,35.82,35.2,35.79,586889
2024-12-13,600036.SH,35.44,35.59,34.27,34.29,1117983
2024-12-16,600036.SH,34.34,34.77,34.31,34.73,640316
2024-12-17,600036.SH,34.53,35.15,34.53,34.84,603104
2024-12-18,600036.SH,35.01,35.65,34.85,35.51,805855
2024-12-19,600036.SH,35.37,35.52,34.99,35.01,611196
2024-12-20,600036.SH,35.04,35.27,34.85,34.9,542150
2024-12-23,600036.SH,34.98,35.69,34.97,35.34,902692
2024-12-24,600036.SH,35.34,36.28,35.31,36.21,993428
2024-12-25,600036.SH,36.22,36.55,35.98,36.39,755913
2024-12-26,600036.SH,36.39,36.53,36.0,36.47,539252
2024-12-27,600036.SH,36.47,36.63,35.77,36.33,700320
2024-12-30,600036.SH,36.33,36.79,36.24,36.61,678845
2024-12-31,600036.SH,36.55,36.89,36.29,36.29,643717
2025-01-02,600036.SH,36.34,36.49,35.33,35.5,642001
2025-01-03,600036.SH,35.59,36.03,35.53,35.65,682583
2025-01-06,600036.SH,35.89,36.09,35.12,36.04,617159
2025-01-07,600036.SH,35.96,36.14,35.6,35.89,492752
2025-01-08,600036.SH,35.82,36.54,35.81,36.27,751481
2025-01-09,600036.SH,36.39,36.42,35.82,35.99,447083
2025-01-10,600036.SH,36.33,36.44,35.8,35.97,481425
2025-01-13,600036.SH,35.92,36.14,35.53,36.06,606323
2025-01-14,600036.SH,36.08,36.96,35.89,36.84,708012
2025-01-15,600036.SH,36.98,37.99,36.88,37.63,796701
2025-01-16,600036.SH,37.64,38.14,37.52,37.98,592594
2025-01-17,600036.SH,37.95,38.15,37.12,37.7,475901
2025-01-20,600036.SH,37.97,38.06,37.1,37.11,542575
2025-01-21,600036.SH,37.31,37.5,37.0,37.13,400685
2025-01-22,600036.SH,37.13,37.15,36.31,36.44,588912
2025-01-23,600036.SH,36.66,37.22,36.51,36.82,606618
2025-01-24,600036.SH,36.65,37.54,36.45,37.25,574652
2025-01-27,600036.SH,37.57,37.96,37.54,37.64,526060
2025-02-05,600036.SH,37.84,37.89,36.89,36.99,504789
2025-02-06,600036.SH,36.99,37.37,36.72,37.19,466088
2025-02-07,600036.SH,37.09,37.39,36.95,37.19,521066
2025-02-10,600036.SH,37.19,37.91,36.95,37.59,581806
2025-02-11,600036.SH,37.74,38.03,37.63,37.97,457771
2025-02-12,600036.SH,37.95,38.65,37.55,38.61,603591
2025-02-13,600036.SH,38.64,38.94,38.33,38.7,462207
2025-02-14,600036.SH,38.68,39.02,38.51,39.02,498737
2025-02-17,600036.SH,38.98,38.98,38.35,38.71,536126
2025-02-18,600036.SH,38.5,39.47,38.5,39.04,546665
2025-02-19,600036.SH,38.99,39.14,38.75,38.97,374702
2025-02-20,600036.SH,38.99,39.08,38.67,38.84,407675
2025-02-21,600036.SH,38.95,38.98,38.21,38.39,595256
2025-02-24,600036.SH,38.38,38.74,38.09,38.26,571107
2025-02-25,600036.SH,38.14,38.43,37.9,38.02,507321
2025-02-26,600036.SH,38.12,38.69,38.04,38.47,476447
2025-02-27,600036.SH,38.59,39.39,38.27,39.37,622597
2025-02-28,600036.SH,39.37,39.65,39.04,39.04,705424
2025-03-03,600036.SH,39.11,39.61,38.94,39.04,470149
2025-03-04,600036.SH,38.9,39.09,38.76,38.79,317245
2025-03-05,600036.SH,38.95,39.9,38.74,39.88,632037
2025-03-06,600036.SH,39.88,40.09,39.44,39.95,572053
2025-03-07,600036.SH,39.89,40.79,39.84,40.56,605413
2025-03-10,600036.SH,40.48,40.57,39.81,40.06,508750
2025-03-11,600036.SH,39.76,40.63,39.7,40.5,565741
2025-03-12,600036.SH,40.49,40.85,40.24,40.53,418258
2025-03-13,600036.SH,40.59,41.37,40.49,40.83,585539
2025-03-14,600036.SH,40.99,42.46,40.93,42.15,911275
2025-03-17,600036.SH,42.31,42.49,41.97,42.03,654210
2025-03-18,600036.SH,42.28,42.37,41.81,42.13,428220
2025-03-19,600036.SH,42.27,43.09,42.09,43.01,670706
2025-03-20,600036.SH,42.91,42.91,41.77,42.23,678656
2025-03-21,600036.SH,42.11,42.33,41.51,41.69,675412
2025-03-24,600036.SH,41.54,42.18,41.54,42.04,449576
2025-03-25,600036.SH,41.99,42.49,41.94,42.08,356872
2025-03-26,600036.SH,41.49,41.58,39.6,39.65,1578326
2025-03-27,600036.SH,39.74,40.73,39.73,40.25,827951
2025-03-28,600036.SH,40.29,40.44,40.05,40.21,386184
2025-03-31,600036.SH,40.2,40.77,39.6,40.28,539569
2025-04-01,600036.SH,40.27,40.28,39.74,39.86,389360
2025-04-02,600036.SH,39.86,40.14,39.67,39.72,331202
2025-04-03,600036.SH,39.01,39.84,39.01,39.64,464166
2025-04-07,600036.SH,37.93,38.99,36.38,37.82,1815633
2025-04-08,600036.SH,37.77,38.19,37.43,38.14,1610477
2025-04-09,600036.SH,37.59,38.01,37.29,37.45,973969
2025-04-10,600036.SH,37.98,38.44,37.54,38.09,743789
2025-04-11,600036.SH,38.1,38.68,37.8,38.5,583057
2025-04-14,600036.SH,38.67,38.9,38.4,38.47,482160
2025-04-15,600036.SH,38.48,39.28,38.44,39.09,614564
2025-04-16,600036.SH,38.97,39.57,38.81,39.24,576294
2025-04-17,600036.SH,39.11,39.35,38.84,39.11,405793
2025-04-18,600036.SH,39.12,39.78,39.04,39.74,435001
2025-04-21,600036.SH,39.65,40.07,39.27,39.27,416466
2025-04-22,600036.SH,39.3,39.53,39.0,39.0,433788
2025-04-23,600036.SH,39.29,39.29,38.76,38.98,467744
2025-04-24,600036.SH,38.99,39.37,38.94,39.2,413652
2025-04-25,600036.SH,39.28,39.54,39.03,39.07,424350
2025-04-28,600036.SH,39.14,39.55,39.02,39.34,386973
2025-04-29,600036.SH,39.34,39.64,38.99,38.99,457699
2025-04-30,600036.SH,38.63,38.63,37.5,37.73,1172682
2025-05-06,600036.SH,37.89,38.4,37.5,38.36,666410
2025-05-07,600036.SH,38.78,39.22,38.3,39.01,712914
2025-05-08,600036.SH,39.0,40.41,38.99,39.79,833810
2025-05-09,600036.SH,39.79,40.59,39.79,40.47,668155
2025-05-12,600036.SH,40.44,41.39,40.1,40.79,848974
2025-05-13,600036.SH,41.08,41.64,40.84,41.55,699124
2025-05-14,600036.SH,41.54,42.29,41.31,41.8,712790
2025-05-15,600036.SH,41.82,42.37,41.64,41.91,684600
2025-05-16,600036.SH,41.74,41.97,41.02,41.26,619655
2025-05-19,600036.SH,41.19,41.45,40.74,40.83,502817
2025-05-20,600036.SH,41.02,41.6,40.86,40.89,500535
2025-05-21,600036.SH,40.94,41.36,40.83,40.89,499200
2025-05-22,600036.SH,40.89,41.55,40.74,41.5,565656
2025-05-23,600036.SH,41.5,41.67,40.89,41.04,541460
2025-05-26,600036.SH,40.88,41.16,40.62,40.79,456100
2025-05-27,600036.SH,40.79,41.14,40.66,40.73,363750
2025-05-28,600036.SH,40.77,41.04,40.59,40.67,300355
2025-05-29,600036.SH,40.69,40.94,40.44,40.46,492990
2025-05-30,600036.SH,40.54,40.87,40.34,40.42,571391
2025-06-03,600036.SH,40.49,41.42,40.49,40.96,503685
2025-06-04,600036.SH,41.04,41.26,40.89,41.05,373417
2025-06-05,600036.SH,41.05,41.41,40.99,41.36,421317
2025-06-06,600036.SH,41.44,41.7,41.29,41.46,373499
2025-06-09,600036.SH,41.59,41.67,41.2,41.59,474774
2025-06-10,600036.SH,41.56,42.04,41.44,41.66,528349
2025-06-11,600036.SH,41.71,42.67,41.71,42.3,776761
2025-06-12,600036.SH,42.39,42.64,42.09,42.22,452391
2025-06-13,600036.SH,42.23,42.34,41.94,42.17,474081
2025-06-16,600036.SH,42.07,42.8,41.94,42.77,414474
2025-06-17,600036.SH,42.87,43.04,42.7,42.97,474209
2025-06-18,600036.SH,42.91,43.06,42.64,42.84,426429
2025-06-19,600036.SH,42.83,43.05,42.36,42.62,513454
2025-06-20,600036.SH,42.72,43.17,42.54,42.98,448157
2025-06-23,600036.SH,42.89,43.33,42.42,43.24,538931
2025-06-24,600036.SH,43.3,43.99,43.17,43.74,655815
2025-06-25,600036.SH,43.74,44.49,43.58,44.49,607680
2025-06-26,600036.SH,44.48,44.87,44.04,44.87,590201
2025-06-27,600036.SH,44.84,44.86,43.03,43.21,954143
2025-06-30,600036.SH,43.12,43.28,42.76,42.94,624614
2025-07-01,600036.SH,42.95,43.66,42.91,43.44,450613
2025-07-02,600036.SH,43.69,44.15,43.44,43.89,518563
2025-07-03,600036.SH,43.89,43.94,43.33,43.6,556226
2025-07-04,600036.SH,43.59,44.49,43.39,44.06,678948
2025-07-07,600036.SH,44.06,44.29,43.69,44.19,567427
2025-07-08,600036.SH,44.27,44.66,44.09,44.61,637421
2025-07-09,600036.SH,44.49,44.76,44.12,44.12,614566
2025-07-10,600036.SH,44.09,45.54,44.09,45.23,1219784
2025-07-11,600036.SH,45.27,45.49,44.61,44.63,1184443
2025-07-14,600036.SH,44.64,45.08,44.43,44.56,648484
2025-07-15,600036.SH,44.76,44.91,43.79,44.21,666206
2025-07-16,600036.SH,44.25,44.53,43.87,44.1,468186
2025-07-17,600036.SH,44.09,44.32,43.9,43.99,416895
2025-07-18,600036.SH,44.04,44.15,43.73,44.04,543431
2025-07-21,600036.SH,44.04,44.22,43.82,43.84,566412
2025-07-22,600036.SH,43.84,43.97,43.2,43.93,922319
2025-07-23,600036.SH,43.96,44.69,43.95,44.11,853249
2025-07-24,600036.SH,44.2,44.35,43.79,43.87,826620
2025-07-25,600036.SH,43.83,44.16,43.74,43.82,696264
2025-07-28,600036.SH,43.79,44.15,43.4,43.43,635127
2025-07-29,600036.SH,43.43,43.79,43.13,43.13,785813
2025-07-30,600036.SH,43.16,43.74,42.92,43.41,725461
2025-07-31,600036.SH,43.39,43.55,42.84,43.47,733195
2025-08-01,600036.SH,43.49,43.96,43.34,43.41,594621
2025-08-04,600036.SH,43.3,43.96,43.3,43.89,498008
2025-08-05,600036.SH,43.77,44.39,43.63,44.24,555258
2025-08-06,600036.SH,44.28,44.72,44.1,44.11,430296
2025-08-07,600036.SH,44.11,44.59,43.95,44.14,440643
2025-08-08,600036.SH,44.19,44.27,43.52,43.52,456422
2025-08-11,600036.SH,43.52,43.62,43.09,43.09,536724
2025-08-12,600036.SH,43.12,43.47,42.99,42.99,562252
2025-08-13,600036.SH,43.13,43.24,42.48,42.53,876737
2025-08-14,600036.SH,42.54,42.93,42.49,42.77,676352
2025-08-15,600036.SH,42.65,42.73,42.29,42.29,932957
2025-08-18,600036.SH,42.09,42.66,41.88,42.5,926397
2025-08-19,600036.SH,42.44,42.69,42.28,42.39,574119
2025-08-20,600036.SH,42.29,42.62,42.14,42.44,547240
2025-08-21,600036.SH,42.49,42.58,42.22,42.46,578540
2025-08-22,600036.SH,42.46,42.47,42.03,42.25,794496
2025-08-25,600036.SH,42.31,42.86,42.1,42.86,907390
2025-08-26,600036.SH,42.88,43.01,42.41,42.51,755722
2025-08-27,600036.SH,42.49,42.65,41.99,41.99,758141
2025-08-28,600036.SH,42.01,42.29,41.59,41.97,822426
2025-08-29,600036.SH,41.97,42.98,41.88,41.88,1360879
2025-09-01,600036.SH,41.61,41.63,40.87,40.97,1276333
2025-09-02,600036.SH,40.85,42.49,40.85,42.43,1452141
2025-09-03,600036.SH,42.43,42.56,41.69,41.89,818406
2025-09-04,600036.SH,41.8,42.31,41.13,42.04,935363
2025-09-05,600036.SH,41.99,42.01,41.52,41.75,572328
2025-09-08,600036.SH,41.69,42.09,41.36,41.42,851682
2025-09-09,600036.SH,41.41,41.87,41.39,41.82,589527
2025-09-10,600036.SH,41.79,42.14,41.55,41.99,471387
2025-09-11,600036.SH,42.12,42.32,41.77,42.29,650731
2025-09-12,600036.SH,42.37,42.46,41.41,41.53,823140
2025-09-15,600036.SH,41.47,41.78,41.1,41.21,699491
2025-09-16,600036.SH,41.31,41.42,40.65,40.74,859051
2025-09-17,600036.SH,40.75,41.18,40.69,40.75,572363
2025-09-18,600036.SH,40.77,40.83,39.79,39.82,1003522
2025-09-19,600036.SH,39.79,40.52,39.54,39.99,836563
2025-09-22,600036.SH,40.14,40.36,39.79,39.91,656110
2025-09-23,600036.SH,39.97,40.74,39.62,40.54,938851
2025-09-24,600036.SH,40.49,40.88,40.28,40.31,643900
2025-09-25,600036.SH,40.31,40.35,39.8,39.81,666949
2025-09-26,600036.SH,39.8,39.99,39.29,39.79,682767
2025-09-29,600036.SH,39.76,40.28,39.35,39.67,835551
2025-09-30,600036.SH,39.64,39.78,39.4,39.4,700025
2025-10-09,600036.SH,39.2,39.43,38.81,39.32,972320
2025-10-10,600036.SH,39.29,39.64,39.12,39.17,955050
2025-10-13,600036.SH,38.75,39.29,38.69,39.1,1065936
2025-10-14,600036.SH,39.08,40.48,38.82,40.25,1733827
2025-10-15,600036.SH,40.24,40.56,40.0,40.49,1062767
2025-10-16,600036.SH,40.49,40.98,40.12,40.92,1062488
2025-10-17,600036.SH,40.87,41.21,40.37,40.58,829827
2025-10-20,600036.SH,40.6,40.78,40.09,40.41,649477
2025-10-21,600036.SH,40.48,41.09,40.48,40.97,759931
2025-10-22,600036.SH,40.97,41.19,40.72,40.94,551334
2025-10-23,600036.SH,40.94,41.48,40.77,41.23,713174
2025-10-24,600036.SH,41.34,41.44,40.84,40.94,698832
2025-10-27,600036.SH,40.89,40.96,40.41,40.58,988949
2025-10-28,600036.SH,40.61,40.71,40.22,40.59,705951
2025-10-29,600036.SH,40.52,40.52,39.68,39.76,910988
2025-10-30,600036.SH,39.79,40.35,39.72,40.19,1131538
2025-10-31,600036.SH,40.25,40.29,39.83,39.88,702607
2025-11-03,600036.SH,40.13,40.96,40.05,40.78,921981
2025-11-04,600036.SH,40.83,42.1,40.8,42.0,1340036
2025-11-05,600036.SH,42.09,42.46,41.74,41.79,731714
2025-11-06,600036.SH,41.64,41.88,41.3,41.33,871973
2025-11-07,600036.SH,41.39,41.71,41.27,41.5,593191
2025-11-10,600036.SH,41.44,41.87,41.27,41.71,532369
2025-11-11,600036.SH,41.68,42.03,41.51,41.95,544671
2025-11-12,600036.SH,42.11,42.35,41.92,41.92,587929
2025-11-13,600036.SH,41.96,42.29,41.73,42.2,587980
2025-11-14,600036.SH,42.23,42.58,42.17,42.24,518210
2025-11-17,600036.SH,42.09,42.19,41.49,41.64,610674
2025-11-18,600036.SH,41.55,41.9,41.43,41.87,517439
2025-11-19,600036.SH,41.87,42.49,41.79,42.21,511696
2025-11-20,600036.SH,42.21,42.78,42.04,42.22,585852
2025-11-21,600036.SH,42.23,42.54,41.75,41.99,791264
2025-11-24,600036.SH,42.09,42.2,41.5,41.62,678549
2025-11-25,600036.SH,41.65,42.29,41.43,42.24,666409
2025-11-26,600036.SH,42.33,42.62,41.96,42.24,451072
2025-11-27,600036.SH,42.17,42.38,41.59,42.18,621434
2025-11-28,600036.SH,42.09,42.11,41.81,41.94,494658
2025-12-01,600036.SH,42.07,42.46,41.92,42.43,567919
2025-12-02,600036.SH,42.43,42.64,42.21,42.37,406735
2025-12-03,600036.SH,42.26,42.57,41.99,42.0,468960
2025-12-04,600036.SH,42.04,42.41,42.0,42.21,361207
2025-12-05,600036.SH,42.24,42.54,41.9,42.44,548906
2025-12-08,600036.SH,42.43,42.63,42.06,42.17,580039
2025-12-09,600036.SH,42.17,42.29,41.82,42.03,465939
2025-12-10,600036.SH,42.07,42.07,40.54,40.69,1083157
2025-12-11,600036.SH,40.85,41.04,40.4,40.67,846231
2025-12-12,600036.SH,40.74,40.82,40.47,40.73,717625
2025-12-15,600036.SH,40.73,41.27,40.62,40.79,562666
2025-12-16,600036.SH,40.77,41.12,40.42,40.69,566176
2025-12-17,600036.SH,40.59,40.84,40.22,40.51,631267
2025-12-18,600036.SH,40.53,41.41,40.39,41.36,768119
2025-12-19,600036.SH,41.36,41.47,40.9,40.98,573823
2025-12-22,600036.SH,41.07,41.12,40.7,40.76,524740
2025-12-23,600036.SH,40.73,41.03,40.65,40.9,606510
2025-12-24,600036.SH,40.92,40.98,40.54,40.82,536305
2025-12-25,600036.SH,40.92,41.07,40.69,40.77,499214
2025-12-26,600036.SH,40.78,40.87,40.61,40.69,508810
2025-12-29,600036.SH,40.65,40.92,40.41,40.86,682551
2025-12-30,600036.SH,40.89,41.47,40.77,41.27,834783
2025-12-31,600036.SH,41.23,41.32,40.91,41.09,554142
2026-01-05,600036.SH,41.47,41.79,41.26,41.34,840830
2026-01-06,600036.SH,41.44,41.78,41.08,41.72,923715
2026-01-07,600036.SH,41.74,42.01,41.13,41.14,880560
2026-01-08,600036.SH,41.19,41.24,40.29,40.57,1115727
2026-01-09,600036.SH,40.53,40.75,40.11,40.29,985471
2026-01-12,600036.SH,40.29,40.42,39.99,40.11,1186641
2026-01-13,600036.SH,40.19,40.37,40.02,40.12,1159365
2026-01-14,600036.SH,40.12,40.16,39.05,39.06,1917744
2026-01-15,600036.SH,39.1,39.41,38.99,39.1,1217271
2026-01-16,600036.SH,39.49,39.5,38.65,38.72,1525245
2026-01-19,600036.SH,38.73,38.92,38.5,38.55,988703
2026-01-20,600036.SH,38.57,39.13,38.51,38.73,1113873
2026-01-21,600036.SH,38.92,38.94,38.18,38.24,1215000
2026-01-22,600036.SH,38.27,38.58,37.8,37.85,1877546
2026-01-23,600036.SH,37.85,38.17,37.38,37.5,1892113
2026-01-26,600036.SH,37.5,38.3,37.31,38.02,2166794
2026-01-27,600036.SH,38.06,38.51,37.87,38.1,1572406
2026-01-28,600036.SH,38.12,38.44,37.7,37.8,2041667
2026-01-29,600036.SH,37.88,38.65,37.55,38.53,1999982
2026-01-30,600036.SH,38.53,39.17,38.53,38.67,1660843
2026-02-02,600036.SH,38.88,39.3,38.41,38.45,1384979
2026-02-03,600036.SH,38.67,38.67,38.14,38.3,842792
2026-02-04,600036.SH,38.3,39.02,38.26,39.01,1021316
2026-02-05,600036.SH,38.94,39.92,38.91,39.71,1218895
2026-02-06,600036.SH,39.7,39.95,39.31,39.6,802980
2026-02-09,600036.SH,39.6,39.74,39.33,39.48,658949
2026-02-10,600036.SH,39.49,39.56,39.31,39.34,495965
2026-02-11,600036.SH,39.36,39.45,39.2,39.4,528817
2026-02-12,600036.SH,39.4,39.42,38.73,38.99,777526
2026-02-13,600036.SH,38.95,39.09,38.63,38.71,705370
2026-02-24,600036.SH,39.2,39.41,38.82,38.94,754674
2026-02-25,600036.SH,38.9,39.15,38.72,38.78,723971
2026-02-26,600036.SH,38.8,39.02,38.5,38.7,593325
2026-02-27,600036.SH,38.75,38.95,38.64,38.75,637035
2026-03-02,600036.SH,38.6,38.87,38.42,38.67,685473
2026-03-03,600036.SH,38.66,39.55,38.56,39.18,1384656
2026-03-04,600036.SH,39.01,39.03,38.01,38.6,1151939
2026-03-05,600036.SH,38.66,39.24,38.63,39.15,783370
2026-03-06,600036.SH,39.1,39.32,38.95,39.2,465957
2026-03-09,600036.SH,38.9,39.18,38.75,38.79,766775
2026-03-10,600036.SH,38.94,39.24,38.8,39.22,613717
2026-03-11,600036.SH,39.3,39.5,38.95,39.5,689407
2026-03-12,600036.SH,39.45,39.58,39.33,39.5,527723
2026-03-13,600036.SH,39.46,40.05,39.35,39.76,765277
2026-03-16,600036.SH,39.77,40.04,39.64,39.91,610945
2026-03-17,600036.SH,39.89,40.36,39.83,40.12,656229
2026-03-18,600036.SH,40.13,40.32,39.79,39.92,705831
2026-03-19,600036.SH,39.88,40.04,39.7,39.77,650247
2026-03-20,600036.SH,39.85,40.08,39.66,39.75,615803
2026-03-23,600036.SH,39.58,39.7,38.55,38.68,957738
2026-03-24,600036.SH,38.8,39.32,38.73,39.25,616336
2026-03-25,600036.SH,39.33,39.4,38.94,39.26,653817
2026-03-26,600036.SH,39.15,39.69,39.14,39.56,616790
2026-03-27,600036.SH,39.5,39.7,39.25,39.44,468007
2026-03-30,600036.SH,39.24,39.57,39.13,39.48,646054
2026-03-31,600036.SH,39.54,39.73,39.28,39.32,663097
2026-04-01,600036.SH,39.56,40.04,39.42,39.82,881526
2026-04-02,600036.SH,39.86,39.92,39.58,39.76,534630
2026-04-03,600036.SH,39.76,39.82,39.36,39.4,464485
2026-04-07,600036.SH,39.39,39.6,38.96,38.99,528367
2026-04-08,600036.SH,39.5,39.64,39.19,39.62,669498
2026-04-09,600036.SH,39.48,39.52,39.12,39.26,535854
2026-04-10,600036.SH,39.32,39.38,39.13,39.21,543202
2026-04-13,600036.SH,39.13,39.16,38.92,38.98,525145
2026-04-14,600036.SH,39.0,39.18,38.95,39.13,503999
2026-04-15,600036.SH,39.25,39.92,39.22,39.9,1052104
2026-04-16,600036.SH,39.9,40.15,39.75,39.91,617258
2026-04-17,600036.SH,39.85,39.9,39.5,39.52,587925
2026-04-20,600036.SH,39.5,39.9,39.33,39.87,588776
2026-04-21,600036.SH,39.91,40.15,39.86,39.87,545949
2026-04-22,600036.SH,39.87,40.03,39.62,39.74,507595
2026-04-23,600036.SH,39.72,39.86,39.52,39.81,569489
2026-04-24,600036.SH,39.74,39.8,39.36,39.38,629414
2026-04-27,600036.SH,39.52,39.99,39.32,39.38,926168
2026-04-28,600036.SH,39.38,39.63,39.26,39.6,669305
2026-04-29,600036.SH,38.91,39.02,38.34,38.5,2533117
2026-04-30,600036.SH,38.4,38.51,38.12,38.27,1169574
2026-05-06,600036.SH,38.29,38.35,37.82,38.0,1431771
2026-05-07,600036.SH,38.05,38.16,37.94,37.95,790090
2026-05-08,600036.SH,38.03,38.18,37.9,37.94,869539
2024-05-09,600519.SH,1758.0,1764.98,1750.0,1756.0,2238734
2024-05-10,600519.SH,1761.1,1767.88,1733.99,1738.98,2620661
2024-05-13,600519.SH,1732.02,1732.66,1701.22,1706.0,3766212
2024-05-14,600519.SH,1705.99,1713.27,1700.01,1701.98,2127417
2024-05-15,600519.SH,1702.58,1708.0,1698.59,1700.0,1573876
2024-05-16,600519.SH,1705.0,1709.88,1690.0,1704.5,2967954
2024-05-17,600519.SH,1700.01,1716.58,1700.0,1715.0,2892388
2024-05-20,600519.SH,1717.99,1732.99,1708.11,1709.0,3142572
2024-05-21,600519.SH,1708.0,1709.73,1698.16,1705.0,1629339
2024-05-22,600519.SH,1703.0,1709.96,1691.0,1697.71,2028568
2024-05-23,600519.SH,1700.0,1706.38,1690.08,1692.01,1888497
2024-05-24,600519.SH,1693.0,1695.0,1677.0,1677.08,2021663
2024-05-27,600519.SH,1678.0,1687.45,1668.01,1670.12,2509791
2024-05-28,600519.SH,1670.4,1675.17,1663.0,1664.64,2352087
2024-05-29,600519.SH,1666.0,1680.0,1665.0,1674.0,1965128
2024-05-30,600519.SH,1675.0,1675.38,1649.0,1649.0,3220792
2024-05-31,600519.SH,1650.5,1663.5,1648.45,1648.45,2185665
2024-06-03,600519.SH,1650.0,1650.92,1635.11,1639.39,3026105
2024-06-04,600519.SH,1640.5,1656.0,1636.55,1653.2,2084108
2024-06-05,600519.SH,1652.0,1658.68,1643.03,1644.0,1905557
2024-06-06,600519.SH,1643.66,1651.99,1635.91,1639.81,2561005
2024-06-07,600519.SH,1646.13,1646.18,1619.01,1619.18,3352455
2024-06-11,600519.SH,1602.99,1605.0,1567.0,1569.0,7024676
2024-06-12,600519.SH,1570.0,1590.0,1570.0,1571.68,3317050
2024-06-13,600519.SH,1576.77,1576.89,1553.15,1555.01,3618597
2024-06-14,600519.SH,1555.0,1563.96,1520.46,1555.0,5951416
2024-06-17,600519.SH,1532.29,1548.77,1511.01,1541.5,4831816
2024-06-18,600519.SH,1530.89,1554.54,1516.68,1521.5,4125825
2024-06-19,600519.SH,1497.99,1504.0,1482.1,1501.0,4126153
2024-06-20,600519.SH,1500.0,1516.01,1498.0,1500.1,2471068
2024-06-21,600519.SH,1500.5,1504.98,1470.22,1471.0,4331997
2024-06-24,600519.SH,1423.0,1488.99,1414.01,1476.55,6383993
2024-06-25,600519.SH,1477.0,1502.99,1477.0,1486.65,4209795
2024-06-26,600519.SH,1480.0,1501.07,1477.8,1489.22,2956977
2024-06-27,600519.SH,1492.0,1493.97,1468.0,1490.49,3282178
2024-06-28,600519.SH,1480.0,1494.49,1464.0,1467.39,3858202
2024-07-01,600519.SH,1468.88,1472.99,1428.0,1440.38,3216138
2024-07-02,600519.SH,1433.0,1498.0,1433.0,1490.7,5185298
2024-07-03,600519.SH,1499.0,1513.01,1488.02,1500.0,3157326
2024-07-04,600519.SH,1505.0,1512.0,1481.13,1485.74,2437973
2024-07-05,600519.SH,1479.0,1493.18,1450.0,1453.0,3882938
2024-07-08,600519.SH,1443.0,1457.77,1419.14,1420.0,3952705
2024-07-09,600519.SH,1420.0,1454.89,1410.1,1438.03,3362071
2024-07-10,600519.SH,1439.25,1465.88,1435.0,1437.59,2376322
2024-07-11,600519.SH,1449.97,1469.0,1440.21,1462.09,2902014
2024-07-12,600519.SH,1473.01,1486.4,1465.45,1478.82,2338634
2024-07-15,600519.SH,1470.0,1488.0,1470.0,1474.9,1917626
2024-07-16,600519.SH,1476.0,1482.0,1465.05,1476.0,2031644
2024-07-17,600519.SH,1476.1,1503.0,1470.02,1501.4,3431101
2024-07-18,600519.SH,1499.5,1515.0,1492.53,1497.51,2887039
2024-07-19,600519.SH,1490.81,1529.18,1484.01,1525.62,3894291
2024-07-22,600519.SH,1525.03,1529.98,1491.65,1499.0,2854321
2024-07-23,600519.SH,1499.0,1501.0,1455.0,1455.0,3094396
2024-07-24,600519.SH,1450.2,1463.7,1435.0,1440.02,2412255
2024-07-25,600519.SH,1440.02,1448.0,1420.01,1430.49,2834656
2024-07-26,600519.SH,1430.49,1437.72,1410.9,1422.19,3235379
2024-07-29,600519.SH,1415.0,1421.99,1398.0,1398.02,3086907
2024-07-30,600519.SH,1385.98,1390.27,1361.3,1379.99,5177904
2024-07-31,600519.SH,1373.1,1427.27,1373.1,1421.28,4327232
2024-08-01,600519.SH,1418.0,1420.0,1384.7,1386.16,3203810
2024-08-02,600519.SH,1373.6,1396.97,1373.6,1385.45,2192769
2024-08-05,600519.SH,1388.88,1426.0,1385.52,1410.01,3773607
2024-08-06,600519.SH,1422.0,1424.0,1394.01,1404.7,2744433
2024-08-07,600519.SH,1405.5,1421.99,1398.3,1415.5,2062221
2024-08-08,600519.SH,1411.0,1448.18,1409.0,1430.69,2513082
2024-08-09,600519.SH,1460.03,1469.0,1436.8,1436.8,3013849
2024-08-12,600519.SH,1430.0,1443.0,1426.58,1436.1,1363203
2024-08-13,600519.SH,1433.0,1435.0,1412.01,1423.01,1630843
2024-08-14,600519.SH,1423.01,1424.9,1412.02,1413.3,1341431
2024-08-15,600519.SH,1405.03,1435.99,1403.95,1426.89,2303897
2024-08-16,600519.SH,1426.79,1435.92,1417.01,1431.2,1645470
2024-08-19,600519.SH,1432.0,1458.88,1425.0,1425.44,2043279
2024-08-20,600519.SH,1429.9,1429.93,1414.0,1422.72,1859138
2024-08-21,600519.SH,1420.0,1427.98,1415.69,1417.58,1509165
2024-08-22,600519.SH,1416.0,1420.0,1400.01,1410.05,1952729
2024-08-23,600519.SH,1408.0,1423.5,1406.12,1414.99,1532046
2024-08-26,600519.SH,1417.0,1423.86,1403.15,1412.0,1562841
2024-08-27,600519.SH,1412.0,1413.0,1401.11,1404.07,1365740
2024-08-28,600519.SH,1404.07,1406.0,1375.0,1389.0,3166351
2024-08-29,600519.SH,1380.0,1418.0,1380.0,1413.3,2747161
2024-08-30,600519.SH,1413.0,1458.07,1405.0,1443.19,3873923
2024-09-02,600519.SH,1430.0,1438.0,1395.0,1395.0,3413459
2024-09-03,600519.SH,1398.0,1414.98,1393.02,1410.0,1788760
2024-09-04,600519.SH,1402.0,1419.19,1399.74,1400.0,1421109
2024-09-05,600519.SH,1400.5,1407.0,1397.0,1404.88,1450295
2024-09-06,600519.SH,1405.0,1406.0,1398.0,1398.0,1032104
2024-09-09,600519.SH,1380.01,1393.71,1370.08,1375.0,2863755
2024-09-10,600519.SH,1370.02,1393.0,1370.02,1378.0,1980284
2024-09-11,600519.SH,1375.6,1385.88,1365.0,1380.0,2099577
2024-09-12,600519.SH,1380.0,1385.0,1334.91,1335.06,4794831
2024-09-13,600519.SH,1331.0,1332.0,1297.3,1304.13,5600511
2024-09-18,600519.SH,1300.0,1300.01,1266.66,1266.9,4618531
2024-09-19,600519.SH,1262.0,1292.88,1245.83,1261.0,5998821
2024-09-20,600519.SH,1261.5,1273.9,1250.03,1263.92,3998184
2024-09-23,600519.SH,1268.0,1293.5,1260.66,1261.54,4554969
2024-09-24,600519.SH,1285.09,1373.0,1265.09,1372.6,10041281
2024-09-25,600519.SH,1400.05,1427.0,1396.71,1399.0,7395380
2024-09-26,600519.SH,1399.96,1529.87,1396.0,1529.0,9727806
2024-09-27,600519.SH,1600.0,1629.2,1565.36,1629.2,8792167
2024-09-30,600519.SH,1692.0,1759.88,1652.0,1748.0,15729341
2024-10-08,600519.SH,1910.0,1910.0,1680.18,1723.0,19470947
2024-10-09,600519.SH,1700.0,1700.0,1590.0,1595.15,12019684
2024-10-10,600519.SH,1622.26,1668.08,1591.0,1640.0,7460342
2024-10-11,600519.SH,1615.4,1639.96,1590.0,1604.99,4191471
2024-10-14,600519.SH,1613.0,1620.63,1581.17,1601.99,4481202
2024-10-15,600519.SH,1599.0,1600.99,1553.01,1554.25,4357143
2024-10-16,600519.SH,1540.88,1549.8,1510.0,1522.5,4666440
2024-10-17,600519.SH,1537.0,1537.66,1493.41,1494.6,3945955
2024-10-18,600519.SH,1493.0,1567.84,1478.96,1541.0,6861930
2024-10-21,600519.SH,1541.21,1549.97,1521.21,1528.8,4200790
2024-10-22,600519.SH,1526.56,1560.18,1524.2,1543.0,3626913
2024-10-23,600519.SH,1544.11,1576.95,1532.0,1567.5,4008846
2024-10-24,600519.SH,1561.0,1575.0,1545.01,1552.2,2392280
2024-10-25,600519.SH,1547.0,1574.79,1546.01,1558.85,2774508
2024-10-28,600519.SH,1560.0,1565.0,1522.23,1565.0,3912140
2024-10-29,600519.SH,1560.0,1580.0,1530.0,1531.62,4116578
2024-10-30,600519.SH,1525.0,1551.19,1523.41,1532.0,3200574
2024-10-31,600519.SH,1532.15,1540.0,1520.0,1527.79,2995735
2024-11-01,600519.SH,1521.0,1545.13,1520.8,1533.75,3228392
2024-11-04,600519.SH,1544.93,1550.0,1528.06,1548.2,2909292
2024-11-05,600519.SH,1540.0,1577.7,1536.01,1576.99,4564047
2024-11-06,600519.SH,1575.0,1588.99,1561.22,1571.0,3763143
2024-11-07,600519.SH,1562.46,1653.5,1562.3,1649.14,7473872
2024-11-08,600519.SH,1660.89,1667.11,1601.01,1609.97,6077120
2024-11-11,600519.SH,1590.0,1609.95,1567.19,1598.01,4385365
2024-11-12,600519.SH,1589.0,1623.0,1573.95,1577.2,4922266
2024-11-13,600519.SH,1568.0,1586.66,1561.28,1578.5,2912526
2024-11-14,600519.SH,1570.0,1594.45,1565.65,1573.8,2924814
2024-11-15,600519.SH,1569.0,1583.8,1553.0,1559.0,3376112
2024-11-18,600519.SH,1562.0,1575.99,1555.0,1559.0,2709219
2024-11-19,600519.SH,1565.0,1569.37,1525.0,1541.92,3326643
2024-11-20,600519.SH,1543.0,1553.97,1531.3,1544.81,2134455
2024-11-21,600519.SH,1543.87,1548.99,1532.0,1545.13,1826179
2024-11-22,600519.SH,1541.15,1547.77,1507.82,1507.82,3343611
2024-11-25,600519.SH,1511.0,1532.0,1496.67,1498.57,3318556
2024-11-26,600519.SH,1498.57,1518.88,1488.88,1509.0,2574479
2024-11-27,600519.SH,1509.0,1522.15,1505.0,1519.05,2593417
2024-11-28,600519.SH,1522.0,1524.99,1502.0,1518.0,2395203
2024-11-29,600519.SH,1517.0,1555.0,1513.21,1525.74,3608810
2024-12-02,600519.SH,1526.0,1529.99,1515.1,1525.0,2681954
2024-12-03,600519.SH,1524.0,1528.9,1516.08,1526.74,2480662
2024-12-04,600519.SH,1520.07,1523.66,1510.0,1520.0,2392389
2024-12-05,600519.SH,1510.86,1517.86,1510.0,1511.0,1614147
2024-12-06,600519.SH,1513.0,1538.9,1508.07,1521.01,3203969
2024-12-09,600519.SH,1522.02,1529.72,1513.2,1518.8,1979986
2024-12-10,600519.SH,1570.0,1579.73,1545.18,1546.59,6031210
2024-12-11,600519.SH,1540.0,1555.0,1530.98,1535.6,2967112
2024-12-12,600519.SH,1532.02,1566.0,1529.0,1565.8,4193652
2024-12-13,600519.SH,1550.01,1554.99,1518.88,1519.0,4951197
2024-12-16,600519.SH,1521.0,1529.0,1510.71,1527.2,3253710
2024-12-17,600519.SH,1525.99,1569.0,1521.01,1558.0,5417163
2024-12-18,600519.SH,1557.97,1577.0,1547.1,1571.5,4116226
2024-12-19,600519.SH,1565.14,1567.93,1550.33,1551.01,2480932
2024-12-20,600519.SH,1531.13,1541.8,1520.02,1522.0,2815774
2024-12-23,600519.SH,1523.0,1538.0,1517.0,1526.45,2160269
2024-12-24,600519.SH,1525.0,1544.0,1521.59,1538.82,2210492
2024-12-25,600519.SH,1538.8,1538.8,1526.1,1530.0,1712339
2024-12-26,600519.SH,1534.0,1538.78,1523.0,1527.79,1828651
2024-12-27,600519.SH,1528.9,1536.0,1519.5,1528.97,2075932
2024-12-30,600519.SH,1533.97,1543.96,1525.0,1525.0,2512982
2024-12-31,600519.SH,1525.4,1545.0,1522.01,1524.0,3935445
2025-01-02,600519.SH,1524.0,1524.49,1480.0,1488.0,5002870
2025-01-03,600519.SH,1494.5,1494.99,1467.01,1475.0,3262836
2025-01-06,600519.SH,1453.0,1462.66,1432.8,1440.0,4425512
2025-01-07,600519.SH,1444.66,1451.89,1439.0,1440.2,2422118
2025-01-08,600519.SH,1440.0,1451.82,1426.66,1442.5,3525821
2025-01-09,600519.SH,1448.99,1464.58,1432.98,1444.0,2970565
2025-01-10,600519.SH,1447.1,1451.95,1436.0,1436.0,2187195
2025-01-13,600519.SH,1425.0,1444.44,1422.01,1443.98,2108251
2025-01-14,600519.SH,1444.95,1478.68,1442.0,1472.5,3095657
2025-01-15,600519.SH,1467.0,1474.6,1460.01,1471.27,1839934
2025-01-16,600519.SH,1474.0,1482.66,1442.0,1446.38,2634213
2025-01-17,600519.SH,1446.39,1461.0,1446.38,1454.75,1830894
2025-01-20,600519.SH,1461.0,1489.79,1460.0,1474.8,3140975
2025-01-21,600519.SH,1481.0,1482.0,1465.0,1468.15,1685604
2025-01-22,600519.SH,1463.27,1467.95,1438.0,1441.0,2829384
2025-01-23,600519.SH,1449.97,1468.0,1438.0,1443.0,2712504
2025-01-24,600519.SH,1442.0,1447.79,1430.31,1436.0,3136034
2025-01-27,600519.SH,1437.0,1443.97,1427.02,1434.99,2935646
2025-02-05,600519.SH,1440.0,1443.0,1402.21,1403.8,4075652
2025-02-06,600519.SH,1400.01,1421.99,1400.01,1412.84,2735582
2025-02-07,600519.SH,1413.68,1442.68,1403.41,1436.0,3724207
2025-02-10,600519.SH,1438.0,1440.0,1427.09,1431.51,2083979
2025-02-11,600519.SH,1434.95,1435.96,1415.9,1418.0,2357283
2025-02-12,600519.SH,1418.0,1445.0,1416.88,1443.0,2547579
2025-02-13,600519.SH,1443.02,1475.25,1434.51,1465.06,4338536
2025-02-14,600519.SH,1465.06,1477.0,1458.22,1475.0,2709992
2025-02-17,600519.SH,1481.0,1494.98,1467.1,1471.62,3247059
2025-02-18,600519.SH,1470.0,1492.99,1462.08,1475.0,2779992
2025-02-19,600519.SH,1475.05,1494.44,1464.9,1491.0,3239331
2025-02-20,600519.SH,1483.0,1491.97,1473.39,1474.0,2374973
2025-02-21,600519.SH,1480.0,1496.73,1473.01,1488.21,3641783
2025-02-24,600519.SH,1488.0,1499.52,1474.0,1479.07,3474373
2025-02-25,600519.SH,1470.01,1473.39,1452.0,1454.0,2838743
2025-02-26,600519.SH,1455.45,1464.96,1445.0,1460.01,2636609
2025-02-27,600519.SH,1460.02,1489.9,1454.0,1485.56,4976217
2025-02-28,600519.SH,1485.5,1528.38,1482.0,1500.79,5612895
2025-03-03,600519.SH,1502.6,1520.99,1481.5,1487.02,3159566
2025-03-04,600519.SH,1485.0,1486.0,1465.21,1470.11,2521121
2025-03-05,600519.SH,1472.0,1474.0,1460.1,1466.37,2460522
2025-03-06,600519.SH,1474.0,1510.2,1472.08,1505.98,4216764
2025-03-07,600519.SH,1503.0,1528.36,1503.0,1521.0,3799135
2025-03-10,600519.SH,1519.81,1526.88,1506.14,1522.9,3136907
2025-03-11,600519.SH,1517.0,1548.68,1512.0,1548.68,3977560
2025-03-12,600519.SH,1546.96,1549.68,1526.35,1542.58,2960396
2025-03-13,600519.SH,1544.0,1555.5,1530.88,1537.77,2572439
2025-03-14,600519.SH,1547.66,1628.01,1541.0,1628.01,9291315
2025-03-17,600519.SH,1657.0,1657.99,1626.88,1637.86,5468913
2025-03-18,600519.SH,1645.04,1652.0,1621.7,1624.0,3161345
2025-03-19,600519.SH,1624.29,1648.0,1623.0,1635.71,2738955
2025-03-20,600519.SH,1635.71,1637.6,1595.07,1604.0,3673677
2025-03-21,600519.SH,1599.0,1612.2,1568.83,1573.75,3361430
2025-03-24,600519.SH,1570.0,1589.66,1562.38,1583.0,2556585
2025-03-25,600519.SH,1588.0,1592.8,1566.66,1575.5,1767438
2025-03-26,600519.SH,1572.77,1582.58,1571.0,1576.0,1432356
2025-03-27,600519.SH,1576.0,1598.25,1573.38,1589.0,1795563
2025-03-28,600519.SH,1590.93,1593.0,1576.0,1585.21,1622789
2025-03-31,600519.SH,1580.98,1586.96,1560.06,1561.0,2108494
2025-04-01,600519.SH,1564.0,1569.89,1552.21,1556.02,1855644
2025-04-02,600519.SH,1558.0,1567.8,1545.5,1549.02,2167401
2025-04-03,600519.SH,1530.0,1586.0,1529.01,1568.88,3548050
2025-04-07,600519.SH,1520.01,1536.85,1462.0,1500.0,10195267
2025-04-08,600519.SH,1513.0,1545.0,1495.0,1545.0,7387649
2025-04-09,600519.SH,1525.02,1556.8,1520.55,1541.04,5563004
2025-04-10,600519.SH,1550.99,1555.0,1528.0,1549.0,3862021
2025-04-11,600519.SH,1579.97,1579.97,1545.0,1568.98,3263423
2025-04-14,600519.SH,1560.97,1566.0,1551.53,1551.99,2171144
2025-04-15,600519.SH,1552.0,1565.0,1545.0,1558.0,2148928
2025-04-16,600519.SH,1552.0,1576.0,1537.0,1559.17,3115605
2025-04-17,600519.SH,1554.0,1576.5,1549.99,1570.0,2384605
2025-04-18,600519.SH,1566.0,1575.0,1556.0,1565.94,2029848
2025-04-21,600519.SH,1565.5,1565.5,1551.0,1551.0,1805703
2025-04-22,600519.SH,1550.0,1556.3,1543.21,1548.8,1843214
2025-04-23,600519.SH,1559.0,1559.22,1545.0,1552.0,1866876
2025-04-24,600519.SH,1552.0,1560.68,1548.98,1552.25,1487181
2025-04-25,600519.SH,1557.1,1561.2,1550.0,1550.0,1476490
2025-04-28,600519.SH,1552.0,1555.0,1546.6,1550.0,1465972
2025-04-29,600519.SH,1550.0,1552.54,1532.02,1544.0,1892180
2025-04-30,600519.SH,1549.99,1566.66,1546.3,1547.0,2575425
2025-05-06,600519.SH,1559.0,1559.0,1544.33,1550.2,1830026
2025-05-07,600519.SH,1570.0,1570.0,1550.2,1555.0,2746221
2025-05-08,600519.SH,1553.0,1592.78,1549.83,1578.19,3348106
2025-05-09,600519.SH,1578.99,1597.45,1575.05,1591.18,2367190
2025-05-12,600519.SH,1598.0,1618.93,1596.61,1604.5,2473533
2025-05-13,600519.SH,1608.92,1608.92,1585.11,1590.3,2125829
2025-05-14,600519.SH,1590.0,1645.0,1588.18,1634.99,3946012
2025-05-15,600519.SH,1634.8,1643.59,1624.13,1632.01,2473285
2025-05-16,600519.SH,1633.99,1636.99,1614.13,1614.13,2293522
2025-05-19,600519.SH,1596.0,1600.0,1573.88,1578.98,3806283
2025-05-20,600519.SH,1580.0,1594.8,1575.1,1586.0,1952153
2025-05-21,600519.SH,1585.0,1595.94,1580.97,1580.97,1979464
2025-05-22,600519.SH,1580.99,1584.99,1570.1,1580.0,1509024
2025-05-23,600519.SH,1575.2,1587.9,1571.66,1572.6,2153700
2025-05-26,600519.SH,1570.0,1574.63,1545.0,1550.5,2708653
2025-05-27,600519.SH,1551.0,1558.6,1543.51,1543.9,1775213
2025-05-28,600519.SH,1543.99,1546.46,1533.0,1537.0,1626568
2025-05-29,600519.SH,1540.0,1555.0,1532.0,1540.0,2185958
2025-05-30,600519.SH,1540.15,1545.0,1515.24,1522.0,3123918
2025-06-03,600519.SH,1508.01,1519.0,1505.02,1509.0,2897918
2025-06-04,600519.SH,1510.5,1523.0,1509.22,1509.96,2300809
2025-06-05,600519.SH,1514.0,1516.0,1502.2,1514.0,2321366
2025-06-06,600519.SH,1513.8,1518.97,1503.0,1506.39,2502307
2025-06-09,600519.SH,1505.02,1508.7,1485.68,1486.11,4495867
2025-06-10,600519.SH,1486.0,1492.0,1474.8,1475.01,3049220
2025-06-11,600519.SH,1476.8,1494.0,1476.1,1480.0,3089282
2025-06-12,600519.SH,1480.0,1483.87,1454.1,1459.0,4990361
2025-06-13,600519.SH,1444.41,1449.97,1425.06,1426.95,5911325
2025-06-16,600519.SH,1401.2,1425.04,1401.18,1422.29,4288787
2025-06-17,600519.SH,1420.0,1427.0,1412.18,1427.0,2723151
2025-06-18,600519.SH,1440.0,1443.44,1421.01,1425.0,3076099
2025-06-19,600519.SH,1426.0,1433.67,1417.18,1426.0,2450072
2025-06-20,600519.SH,1423.58,1441.14,1420.2,1428.66,3481581
2025-06-23,600519.SH,1420.0,1433.0,1405.18,1420.0,2672331
2025-06-24,600519.SH,1423.35,1451.68,1423.35,1437.2,3631151
2025-06-25,600519.SH,1439.11,1449.2,1420.51,1435.86,4105007
2025-06-26,600519.SH,1415.0,1428.0,1410.08,1420.0,3486025
2025-06-27,600519.SH,1420.01,1423.0,1403.09,1403.09,3824973
2025-06-30,600519.SH,1403.5,1413.23,1402.0,1409.52,3045730
2025-07-01,600519.SH,1409.0,1411.94,1403.31,1405.1,1987819
2025-07-02,600519.SH,1409.5,1414.8,1400.0,1409.6,2621825
2025-07-03,600519.SH,1412.0,1422.69,1408.0,1415.6,2441267
2025-07-04,600519.SH,1415.7,1431.89,1410.01,1422.22,2876691
2025-07-07,600519.SH,1422.28,1423.5,1410.01,1410.7,2385467
2025-07-08,600519.SH,1410.71,1420.0,1410.7,1416.11,1867370
2025-07-09,600519.SH,1415.0,1429.97,1414.17,1418.88,2774532
2025-07-10,600519.SH,1418.97,1436.18,1410.4,1426.5,3872503
2025-07-11,600519.SH,1423.16,1458.0,1423.16,1427.0,5724335
2025-07-14,600519.SH,1430.0,1434.98,1421.6,1423.6,2778094
2025-07-15,600519.SH,1420.98,1422.93,1408.32,1411.0,3540578
2025-07-16,600519.SH,1410.01,1417.49,1409.95,1411.03,2128605
2025-07-17,600519.SH,1413.98,1423.01,1412.88,1416.35,2310554
2025-07-18,600519.SH,1420.0,1437.81,1416.38,1437.0,4182341
2025-07-21,600519.SH,1436.99,1446.8,1435.0,1443.0,2620331
2025-07-22,600519.SH,1444.0,1466.6,1440.68,1464.98,4211898
2025-07-23,600519.SH,1469.0,1495.0,1468.95,1475.5,4504484
2025-07-24,600519.SH,1476.0,1499.0,1475.0,1491.5,3880364
2025-07-25,600519.SH,1491.4,1491.4,1453.0,1455.0,4191126
2025-07-28,600519.SH,1453.0,1454.99,1436.3,1438.66,3858632
2025-07-29,600519.SH,1439.6,1448.79,1435.01,1439.0,2630408
2025-07-30,600519.SH,1444.0,1457.16,1437.0,1449.44,3186771
2025-07-31,600519.SH,1443.0,1444.87,1418.0,1421.67,5179751
2025-08-01,600519.SH,1421.87,1425.96,1414.0,1417.0,2963559
2025-08-04,600519.SH,1415.0,1419.8,1414.0,1419.0,1868795
2025-08-05,600519.SH,1421.0,1429.94,1417.11,1427.74,2534227
2025-08-06,600519.SH,1429.0,1429.0,1419.3,1423.88,2369928
2025-08-07,600519.SH,1423.88,1427.7,1420.06,1422.35,2800134
2025-08-08,600519.SH,1423.05,1426.5,1418.0,1420.97,1865528
2025-08-11,600519.SH,1423.5,1451.99,1423.0,1445.0,4715907
2025-08-12,600519.SH,1449.0,1465.07,1436.0,1437.04,4201923
2025-08-13,600519.SH,1425.0,1433.68,1420.0,1420.05,6552754
2025-08-14,600519.SH,1420.94,1447.51,1420.94,1426.99,4812930
2025-08-15,600519.SH,1426.01,1428.66,1420.22,1422.08,4758165
2025-08-18,600519.SH,1426.99,1436.64,1423.1,1428.5,4737798
2025-08-19,600519.SH,1433.5,1446.66,1432.0,1438.0,4637186
2025-08-20,600519.SH,1438.0,1452.8,1430.02,1450.0,4580466
2025-08-21,600519.SH,1453.45,1454.99,1443.65,1448.25,3089057
2025-08-22,600519.SH,1448.88,1464.0,1444.77,1463.95,4497058
2025-08-25,600519.SH,1470.01,1496.0,1466.0,1490.33,6532455
2025-08-26,600519.SH,1490.32,1494.23,1480.01,1481.61,3960213
2025-08-27,600519.SH,1481.88,1484.93,1448.0,1448.0,5600609
2025-08-28,600519.SH,1447.97,1456.1,1438.77,1446.1,3928177
2025-08-29,600519.SH,1453.0,1482.58,1452.0,1480.0,6225648
2025-09-01,600519.SH,1482.2,1488.0,1465.7,1476.1,4512338
2025-09-02,600519.SH,1478.66,1509.0,1478.0,1491.3,5668837
2025-09-03,600519.SH,1491.0,1503.5,1466.0,1480.55,4504503
2025-09-04,600519.SH,1472.0,1479.3,1460.47,1472.66,4774676
2025-09-05,600519.SH,1471.0,1486.97,1464.0,1483.0,3738848
2025-09-08,600519.SH,1483.0,1506.44,1477.5,1501.23,5138298
2025-09-09,600519.SH,1505.0,1509.95,1493.42,1505.0,3574277
2025-09-10,600519.SH,1506.66,1529.95,1496.0,1522.01,4966331
2025-09-11,600519.SH,1522.01,1526.02,1508.5,1523.5,3723896
2025-09-12,600519.SH,1526.0,1538.02,1510.53,1516.0,3372209
2025-09-15,600519.SH,1515.87,1517.48,1501.5,1515.1,2582703
2025-09-16,600519.SH,1515.1,1520.99,1496.21,1499.98,3271789
2025-09-17,600519.SH,1499.99,1510.28,1490.01,1493.0,3033054
2025-09-18,600519.SH,1492.0,1497.8,1463.5,1467.96,4972125
2025-09-19,600519.SH,1467.99,1475.5,1457.01,1467.97,3263662
2025-09-22,600519.SH,1465.09,1467.97,1450.01,1453.35,3494708
2025-09-23,600519.SH,1450.5,1457.5,1440.0,1447.42,3866300
2025-09-24,600519.SH,1434.07,1456.78,1434.07,1442.0,3074350
2025-09-25,600519.SH,1442.83,1445.21,1436.0,1439.0,3386973
2025-09-26,600519.SH,1441.18,1447.11,1428.01,1435.0,4512071
2025-09-29,600519.SH,1439.38,1469.99,1435.0,1460.86,5368403
2025-09-30,600519.SH,1460.0,1460.76,1440.0,1443.99,3936362
2025-10-09,600519.SH,1436.0,1439.38,1420.0,1436.78,5491812
2025-10-10,600519.SH,1437.6,1439.94,1427.5,1430.0,3600144
2025-10-13,600519.SH,1415.7,1422.85,1415.12,1419.2,4606880
2025-10-14,600519.SH,1429.99,1464.0,1429.99,1451.02,6667233
2025-10-15,600519.SH,1450.98,1463.0,1445.08,1462.0,4278540
2025-10-16,600519.SH,1461.92,1484.95,1458.88,1484.91,4573015
2025-10-17,600519.SH,1483.1,1488.0,1454.03,1455.0,3808589
2025-10-20,600519.SH,1455.0,1469.5,1454.88,1457.93,2594988
2025-10-21,600519.SH,1459.0,1469.94,1455.5,1462.26,2544267
2025-10-22,600519.SH,1462.08,1465.73,1456.0,1458.7,1819492
2025-10-23,600519.SH,1455.0,1468.8,1447.2,1467.98,2932235
2025-10-24,600519.SH,1467.95,1478.88,1449.34,1450.0,3822583
2025-10-27,600519.SH,1440.0,1452.49,1435.99,1440.41,3710239
2025-10-28,600519.SH,1442.0,1451.2,1441.1,1445.0,2712433
2025-10-29,600519.SH,1440.02,1446.55,1430.04,1431.9,3393711
2025-10-30,600519.SH,1421.81,1436.63,1421.81,1426.74,4745610
2025-10-31,600519.SH,1422.0,1435.98,1420.11,1430.01,3569377
2025-11-03,600519.SH,1431.0,1448.0,1420.1,1435.0,3454766
2025-11-04,600519.SH,1435.1,1435.78,1423.78,1429.0,2656572
2025-11-05,600519.SH,1425.89,1430.99,1420.01,1420.08,3447527
2025-11-06,600519.SH,1430.0,1441.45,1429.99,1435.13,3834782
2025-11-07,600519.SH,1435.11,1439.78,1431.11,1433.33,1886139
2025-11-10,600519.SH,1435.0,1463.69,1434.98,1462.3,4945154
2025-11-11,600519.SH,1462.0,1462.18,1447.0,1458.99,2669156
2025-11-12,600519.SH,1459.98,1478.36,1459.21,1465.15,3299210
2025-11-13,600519.SH,1462.12,1473.58,1458.0,1470.38,3117923
2025-11-14,600519.SH,1470.0,1478.95,1456.3,1456.6,2747306
2025-11-17,600519.SH,1454.0,1473.0,1445.79,1471.0,3446221
2025-11-18,600519.SH,1470.7,1486.07,1469.0,1476.0,3420478
2025-11-19,600519.SH,1474.0,1479.53,1469.96,1471.01,2204537
2025-11-20,600519.SH,1472.0,1479.9,1465.03,1467.11,2400232
2025-11-21,600519.SH,1470.5,1480.0,1456.0,1466.6,4260720
2025-11-24,600519.SH,1467.0,1471.0,1451.13,1452.0,3360744
2025-11-25,600519.SH,1458.0,1458.0,1444.5,1444.65,2844069
2025-11-26,600519.SH,1448.88,1453.49,1443.58,1449.15,2030616
2025-11-27,600519.SH,1449.5,1450.0,1439.04,1447.3,2228689
2025-11-28,600519.SH,1446.5,1455.5,1443.0,1450.5,2321121
2025-12-01,600519.SH,1451.0,1462.27,1442.0,1448.0,2733342
2025-12-02,600519.SH,1448.0,1451.92,1435.02,1436.03,2504726
2025-12-03,600519.SH,1435.81,1435.97,1428.0,1429.1,2357279
2025-12-04,600519.SH,1429.1,1432.5,1418.38,1423.98,2907539
2025-12-05,600519.SH,1423.98,1433.09,1419.5,1430.01,2540166
2025-12-08,600519.SH,1429.2,1436.67,1418.0,1418.22,3360280
2025-12-09,600519.SH,1418.23,1421.0,1400.05,1401.01,4263443
2025-12-10,600519.SH,1400.0,1402.8,1383.18,1402.8,3313347
2025-12-11,600519.SH,1406.66,1411.99,1401.55,1411.99,2238501
2025-12-12,600519.SH,1418.0,1425.0,1413.57,1420.65,3715919
2025-12-15,600519.SH,1439.59,1439.99,1425.57,1426.0,3335879
2025-12-16,600519.SH,1426.2,1428.78,1415.0,1422.0,2396367
2025-12-17,600519.SH,1425.0,1439.94,1417.68,1433.1,3138249
2025-12-18,600519.SH,1433.5,1438.88,1426.11,1431.0,1782995
2025-12-19,600519.SH,1410.0,1412.45,1401.01,1410.0,2650868
2025-12-22,600519.SH,1410.0,1414.14,1406.58,1408.26,2042565
2025-12-23,600519.SH,1408.26,1412.93,1397.19,1407.86,2450681
2025-12-24,600519.SH,1404.99,1406.36,1400.0,1400.9,2518669
2025-12-25,600519.SH,1405.0,1419.48,1401.38,1414.17,2338621
2025-12-26,600519.SH,1414.17,1419.14,1410.0,1414.13,1780299
2025-12-29,600519.SH,1414.13,1414.13,1401.0,1402.0,2630810
2025-12-30,600519.SH,1401.0,1401.9,1386.0,1389.72,3379194
2025-12-31,600519.SH,1390.0,1394.0,1377.17,1377.18,3476563
2026-01-05,600519.SH,1385.0,1431.88,1385.0,1426.0,7094942
2026-01-06,600519.SH,1432.55,1436.97,1416.53,1428.01,3958618
2026-01-07,600519.SH,1432.88,1435.0,1420.2,1423.36,2968380
2026-01-08,600519.SH,1423.33,1423.36,1408.14,1412.3,2913454
2026-01-09,600519.SH,1417.0,1428.6,1416.01,1419.1,2984774
2026-01-12,600519.SH,1419.1,1431.0,1417.1,1423.23,3608266
2026-01-13,600519.SH,1426.79,1429.52,1408.99,1411.0,3916866
2026-01-14,600519.SH,1411.0,1422.25,1396.18,1398.01,5175797
2026-01-15,600519.SH,1396.02,1402.83,1388.58,1388.89,4090714
2026-01-16,600519.SH,1395.0,1397.5,1380.0,1382.0,5512068
2026-01-19,600519.SH,1381.9,1387.49,1375.0,1376.0,4228640
2026-01-20,600519.SH,1379.5,1381.58,1372.05,1373.55,3648443
2026-01-21,600519.SH,1373.56,1374.4,1350.0,1351.06,6451625
2026-01-22,600519.SH,1352.01,1361.76,1337.48,1340.06,5901089
2026-01-23,600519.SH,1340.1,1348.0,1332.47,1337.0,6194890
2026-01-26,600519.SH,1340.51,1355.0,1325.12,1342.0,8016606
2026-01-27,600519.SH,1344.98,1353.7,1338.0,1343.01,4841596
2026-01-28,600519.SH,1343.04,1346.71,1322.01,1323.69,7621801
2026-01-29,600519.SH,1335.0,1445.0,1329.06,1437.72,18953440
2026-01-30,600519.SH,1435.0,1435.0,1401.0,1401.0,9447974
2026-02-02,600519.SH,1425.0,1458.58,1411.62,1427.0,8572427
2026-02-03,600519.SH,1445.0,1476.81,1443.03,1474.92,8632066
2026-02-04,600519.SH,1485.0,1533.27,1474.0,1525.0,10912293
2026-02-05,600519.SH,1520.0,1565.0,1515.0,1555.0,9162274
2026-02-06,600519.SH,1555.0,1568.0,1505.88,1515.01,7896538
2026-02-09,600519.SH,1518.0,1542.88,1513.49,1524.96,5116846
2026-02-10,600519.SH,1524.97,1524.97,1496.5,1504.8,3957596
2026-02-11,600519.SH,1504.8,1514.0,1496.0,1504.33,3092846
2026-02-12,600519.SH,1500.2,1502.82,1473.36,1486.6,4624582
2026-02-13,600519.SH,1486.6,1507.8,1470.58,1485.3,4167901
2026-02-24,600519.SH,1521.0,1524.4,1463.6,1466.8,4191253
2026-02-25,600519.SH,1470.0,1509.66,1467.88,1491.66,3688067
2026-02-26,600519.SH,1486.6,1489.49,1464.67,1466.21,3295801
2026-02-27,600519.SH,1466.99,1476.21,1455.02,1455.02,3216016
2026-03-02,600519.SH,1450.0,1457.0,1436.66,1440.11,3545386
2026-03-03,600519.SH,1440.1,1452.87,1422.13,1426.19,4589086
2026-03-04,600519.SH,1415.0,1423.0,1392.09,1401.18,4801443
2026-03-05,600519.SH,1406.0,1412.96,1395.0,1399.04,3050524
2026-03-06,600519.SH,1395.0,1407.5,1388.0,1402.0,2915415
2026-03-09,600519.SH,1390.0,1404.9,1383.2,1397.0,3744162
2026-03-10,600519.SH,1404.9,1409.49,1398.0,1401.88,2462592
2026-03-11,600519.SH,1402.99,1405.99,1398.02,1400.0,2445673
2026-03-12,600519.SH,1395.0,1403.95,1391.01,1392.0,2758646
2026-03-13,600519.SH,1392.48,1417.62,1392.0,1413.64,3360783
2026-03-16,600519.SH,1420.0,1466.0,1420.0,1460.18,6008635
2026-03-17,600519.SH,1468.0,1498.07,1461.19,1485.0,4945361
2026-03-18,600519.SH,1489.0,1496.5,1463.15,1468.8,3555100
2026-03-19,600519.SH,1472.96,1473.0,1446.0,1452.87,3031859
2026-03-20,600519.SH,1452.96,1462.5,1439.0,1445.0,2613234
2026-03-23,600519.SH,1433.33,1435.0,1400.03,1408.07,4725589
2026-03-24,600519.SH,1416.0,1417.59,1400.18,1407.33,2856179
2026-03-25,600519.SH,1410.11,1417.87,1401.01,1410.27,2609346
2026-03-26,600519.SH,1409.0,1413.9,1400.3,1401.18,2309289
2026-03-27,600519.SH,1400.0,1426.0,1396.66,1416.02,3008711
2026-03-30,600519.SH,1407.0,1431.0,1402.52,1420.0,2868459
2026-03-31,600519.SH,1468.0,1479.93,1448.41,1450.0,6169066
2026-04-01,600519.SH,1464.49,1469.99,1452.88,1459.44,2912514
2026-04-02,600519.SH,1459.44,1464.88,1452.1,1459.88,2106437
2026-04-03,600519.SH,1459.54,1469.96,1455.0,1460.0,2019373
2026-04-07,600519.SH,1460.05,1470.0,1435.05,1440.02,2415218
2026-04-08,600519.SH,1460.0,1469.08,1452.13,1465.02,3383610
2026-04-09,600519.SH,1465.02,1465.02,1447.5,1460.49,2070476
2026-04-10,600519.SH,1459.14,1459.71,1441.1,1453.96,2886556
2026-04-13,600519.SH,1444.0,1446.5,1433.0,1443.31,2521364
2026-04-14,600519.SH,1442.6,1448.6,1435.0,1446.9,2423261
2026-04-15,600519.SH,1444.98,1470.79,1442.0,1467.5,3455348
2026-04-16,600519.SH,1467.45,1477.41,1460.0,1462.84,2451284
2026-04-17,600519.SH,1400.0,1421.0,1399.87,1407.24,9682499
2026-04-20,600519.SH,1403.0,1413.94,1400.0,1410.89,3645139
2026-04-21,600519.SH,1411.0,1419.9,1410.0,1412.01,2175427
2026-04-22,600519.SH,1415.0,1419.0,1404.98,1409.5,2691593
2026-04-23,600519.SH,1408.0,1419.7,1405.1,1419.0,3770109
2026-04-24,600519.SH,1413.1,1458.88,1413.1,1458.49,5545531
2026-04-27,600519.SH,1420.0,1420.0,1402.2,1403.2,7279774
2026-04-28,600519.SH,1402.0,1409.39,1400.11,1405.0,3400442
2026-04-29,600519.SH,1405.0,1409.75,1400.28,1401.17,3481313
2026-04-30,600519.SH,1400.0,1401.17,1380.0,1384.79,5275267
2026-05-06,600519.SH,1365.1,1379.0,1360.05,1375.0,4780604
2026-05-07,600519.SH,1375.0,1388.0,1370.01,1371.05,4046147
2026-05-08,600519.SH,1371.66,1382.77,1370.0,1372.99,3336853
