symbol,date,sentiment_score,news_count,english_news,chinese_news
000001.SZ,2024-05-24,0.7664626836776733,1,1,0
000001.SZ,2024-07-09,0.447203665971756,1,1,0
000001.SZ,2024-11-29,-0.0005756504833698273,1,1,0
000001.SZ,2024-12-20,0.7585414052009583,1,1,0
000001.SZ,2025-05-06,0.0023216363042593002,1,1,0
000001.SZ,2025-06-10,0.1219683587551117,1,1,0
000001.SZ,2025-06-18,1.0,1,0,0
000001.SZ,2025-06-25,0.0796913355588913,1,1,0
000001.SZ,2025-07-09,0.917556643486023,3,3,0
000001.SZ,2025-08-27,-0.8966484069824219,1,1,0
000001.SZ,2025-10-11,1.0,1,0,0
000001.SZ,2025-10-24,0.20431943255521,3,1,0
000001.SZ,2025-10-26,0.0,1,0,0
000001.SZ,2025-12-18,1.0,1,0,0
000001.SZ,2025-12-30,1.0,1,0,0
000001.SZ,2026-02-11,0.0,1,0,0
000001.SZ,2026-02-15,-0.040111638605594635,1,1,0
000001.SZ,2026-03-11,-0.24127688010533652,2,1,0
000001.SZ,2026-03-13,1.0,1,0,0
000001.SZ,2026-03-16,1.0,1,0,0
000001.SZ,2026-03-20,-0.2009208636979262,2,1,0
000001.SZ,2026-03-21,1.0,2,0,0
000001.SZ,2026-03-23,0.726878792589361,11,1,0
000001.SZ,2026-03-24,1.0,4,0,0
000001.SZ,2026-03-25,1.0,2,0,0
000001.SZ,2026-03-26,-0.5,2,0,0
000001.SZ,2026-03-27,1.0,2,0,0
000001.SZ,2026-04-01,1.0,1,0,0
000001.SZ,2026-04-07,0.0,1,0,0
000001.SZ,2026-04-11,1.0,1,0,0
000001.SZ,2026-04-14,0.9138607382774353,1,1,0
000001.SZ,2026-04-15,1.0,1,0,0
000001.SZ,2026-04-17,1.0,3,0,0
000001.SZ,2026-04-20,0.025,8,0,0
000001.SZ,2026-04-21,0.4666666666666667,4,0,0
000001.SZ,2026-04-22,0.6666666666666666,2,0,0
000001.SZ,2026-04-23,-0.080284982919693,1,1,0
000001.SZ,2026-04-24,0.718478101293246,25,6,0
000001.SZ,2026-04-25,0.6666666666666666,3,0,0
000001.SZ,2026-04-26,0.9059796929359436,3,3,0
000001.SZ,2026-04-27,0.836837421964716,9,1,0
000001.SZ,2026-04-28,0.41057139823296357,9,3,0
000001.SZ,2026-04-29,0.5654212160346409,4,2,0
000001.SZ,2026-04-30,0.8666666666666666,5,0,0
000001.SZ,2026-05-01,1.0,2,0,0
000001.SZ,2026-05-02,1.0,1,0,0
000001.SZ,2026-05-03,1.0,5,0,0
000001.SZ,2026-05-04,1.0,1,0,0
000001.SZ,2026-05-05,0.7272727272727273,2,0,0
000001.SZ,2026-05-06,0.6222222222222222,3,0,0
600036.SH,2024-08-21,-0.7600816488265991,1,1,0
600036.SH,2024-11-04,0.0,1,0,0
600036.SH,2025-03-03,0.0,1,0,0
600036.SH,2025-03-31,-0.00963398814201355,1,1,0
600036.SH,2025-06-16,0.0,1,0,0
600036.SH,2025-06-27,0.0,1,0,0
600036.SH,2025-06-28,0.0,1,0,0
600036.SH,2025-06-29,0.025349369272589684,1,1,0
600036.SH,2025-07-02,0.008772116154432297,1,1,0
600036.SH,2025-07-03,0.012545015662908554,1,1,0
600036.SH,2025-07-05,0.0,1,0,0
600036.SH,2025-07-08,0.9219542741775513,1,1,0
600036.SH,2025-07-09,0.8629334767659506,3,3,0
600036.SH,2025-07-14,1.0,1,0,0
600036.SH,2025-07-15,0.10316696017980576,1,1,0
600036.SH,2025-07-16,0.03100329451262951,1,1,0
600036.SH,2025-07-17,0.19165532290935516,1,1,0
600036.SH,2025-07-18,0.08433638513088226,1,1,0
600036.SH,2025-07-22,0.0,1,0,0
600036.SH,2025-07-29,0.028654642403125763,1,1,0
600036.SH,2025-08-17,0.022626463323831558,1,1,0
600036.SH,2025-08-18,0.015696287155151367,1,1,0
600036.SH,2025-09-01,-0.3333333333333333,1,0,0
600036.SH,2025-09-03,0.26967889070510864,1,1,0
600036.SH,2025-09-08,1.0,1,0,0
600036.SH,2025-09-19,1.0,1,0,0
600036.SH,2025-09-27,-0.9204601049423218,1,1,0
600036.SH,2025-10-09,0.0,1,0,0
600036.SH,2025-10-15,0.04597150534391403,1,1,0
600036.SH,2025-11-21,0.5814563035964966,1,1,0
600036.SH,2025-11-24,0.11126758903265,2,1,0
600036.SH,2025-12-04,0.0,1,0,0
600036.SH,2025-12-20,-0.8984622359275818,1,1,0
600036.SH,2025-12-28,0.25,1,0,0
600036.SH,2025-12-30,0.49718236457556486,2,1,0
600036.SH,2026-01-09,1.0,1,0,0
600036.SH,2026-01-14,0.0,1,0,0
600036.SH,2026-01-19,0.505623403005302,2,1,0
600036.SH,2026-01-23,1.0,2,0,0
600036.SH,2026-01-28,-0.6144093871116638,1,1,0
600036.SH,2026-02-04,0.0,2,0,0
600036.SH,2026-02-08,0.0,1,0,0
600036.SH,2026-02-10,0.0,1,0,0
600036.SH,2026-02-12,0.0,1,0,0
600036.SH,2026-03-12,-1.0,1,0,0
600036.SH,2026-03-16,1.0,1,0,0
600036.SH,2026-03-17,1.0,1,0,0
600036.SH,2026-03-18,1.0,1,0,0
600036.SH,2026-03-20,0.012885058298707008,1,1,0
600036.SH,2026-03-23,1.0,1,0,0
600036.SH,2026-03-24,0.6666666666666666,3,0,0
600036.SH,2026-03-27,0.5099704787135124,2,1,0
600036.SH,2026-03-28,0.5,2,0,0
600036.SH,2026-03-29,0.05308019369840622,2,1,0
600036.SH,2026-03-30,0.17643124051392078,6,1,0
600036.SH,2026-03-31,0.08333333333333333,4,0,0
600036.SH,2026-04-01,0.0,1,0,0
600036.SH,2026-04-02,0.5,2,0,0
600036.SH,2026-04-03,0.34936925768852234,1,1,0
600036.SH,2026-04-05,0.0483001209795475,1,1,0
600036.SH,2026-04-08,0.0,1,0,0
600036.SH,2026-04-09,0.19154596514999866,3,2,0
600036.SH,2026-04-13,1.0,1,0,0
600036.SH,2026-04-14,0.0,1,0,0
600036.SH,2026-04-15,0.7601496696472168,5,1,0
600036.SH,2026-04-16,0.9099097847938538,1,1,0
600036.SH,2026-04-21,1.0,1,0,0
600036.SH,2026-04-22,0.5298268236219883,2,1,0
600036.SH,2026-04-23,0.017175018787384033,1,1,0
600036.SH,2026-04-24,1.0,1,0,0
600036.SH,2026-04-25,0.8523211479187012,2,1,0
600036.SH,2026-04-27,0.5822365880012512,2,1,0
600036.SH,2026-04-28,0.37731799208678496,26,11,0
600036.SH,2026-04-29,0.24423503638177682,23,10,0
600036.SH,2026-04-30,0.11789217122175075,45,14,0
600036.SH,2026-05-01,0.008603668538853526,8,2,0
600036.SH,2026-05-02,0.0,1,0,0
600036.SH,2026-05-03,0.1298677991144359,8,1,0
600036.SH,2026-05-04,-0.18416775597466364,3,1,0
600036.SH,2026-05-05,0.039999999999999994,5,0,0
600036.SH,2026-05-06,0.16666666666666666,9,0,0
600519.SH,2024-06-02,1.0,1,0,0
600519.SH,2024-06-27,0.03646407276391983,1,1,0
600519.SH,2024-08-14,0.05007156729698181,1,1,0
600519.SH,2024-09-13,0.0,1,0,0
600519.SH,2024-09-17,0.048198651522397995,1,1,0
600519.SH,2024-12-04,0.0,1,0,0
600519.SH,2024-12-13,1.0,1,0,0
600519.SH,2025-01-02,0.33566923439502716,3,2,0
600519.SH,2025-01-14,-0.024868659675121307,1,1,0
600519.SH,2025-01-24,0.023319153115153313,1,1,0
600519.SH,2025-04-02,0.7940765023231506,1,1,0
600519.SH,2025-04-22,1.0,1,0,0
600519.SH,2025-05-08,0.0,1,0,0
600519.SH,2025-05-14,-0.9593989253044128,1,1,0
600519.SH,2025-06-26,-0.2027413696050644,1,1,0
600519.SH,2025-07-18,0.020265702158212662,1,1,0
600519.SH,2025-08-01,0.7623029351234436,1,1,0
600519.SH,2025-08-08,0.37086342088878155,2,2,0
600519.SH,2025-08-12,-0.9602532982826233,1,1,0
600519.SH,2025-08-13,0.155126690864563,1,1,0
600519.SH,2025-08-14,1.0,1,0,0
600519.SH,2025-08-15,-0.9243404269218445,1,1,0
600519.SH,2025-08-18,-0.9074872732162476,1,1,0
600519.SH,2025-08-27,-0.14183196425437927,1,1,0
600519.SH,2025-09-05,-0.9293086528778076,1,1,0
600519.SH,2025-09-06,0.8832889795303345,1,1,0
600519.SH,2025-09-21,0.3168576955795288,1,1,0
600519.SH,2025-09-22,-0.10465166717767715,1,1,0
600519.SH,2025-09-25,0.8876528739929199,1,1,0
600519.SH,2025-09-26,0.0,1,0,0
600519.SH,2025-10-04,0.0,1,0,0
600519.SH,2025-10-26,0.0,1,0,0
600519.SH,2025-10-27,-0.346163809299469,2,2,0
600519.SH,2025-10-29,0.5,2,0,0
600519.SH,2025-10-31,1.0,1,0,0
600519.SH,2025-11-05,-0.562567949295044,1,1,0
600519.SH,2025-11-07,0.016110586002469063,1,1,0
600519.SH,2025-11-10,0.09583195298910141,1,1,0
600519.SH,2025-11-13,-0.05591622740030289,1,1,0
600519.SH,2025-11-15,0.15933693945407867,1,1,0
600519.SH,2025-11-19,-0.911944568157196,1,1,0
600519.SH,2025-11-27,0.17654917389154434,2,2,0
600519.SH,2025-11-29,0.020377127453684807,2,2,0
600519.SH,2025-12-03,0.7781844735145569,1,1,0
600519.SH,2025-12-18,0.0,1,0,0
600519.SH,2025-12-25,0.03219282627105713,1,1,0
600519.SH,2026-01-01,-0.6670415997505188,1,1,0
600519.SH,2026-01-04,1.0,1,0,0
600519.SH,2026-01-11,-0.001094343140721321,2,2,0
600519.SH,2026-01-13,0.3333333333333333,1,0,0
600519.SH,2026-01-22,-0.03118232637643814,2,1,0
600519.SH,2026-01-28,0.835151195526123,1,1,0
600519.SH,2026-01-29,0.0,1,0,0
600519.SH,2026-01-30,0.6861175894737244,2,2,0
600519.SH,2026-02-04,-0.0058806296437978745,1,1,0
600519.SH,2026-02-10,0.09123039245605469,1,1,0
600519.SH,2026-02-14,0.6891622543334961,1,1,0
600519.SH,2026-02-24,0.040591027587652206,1,1,0
600519.SH,2026-02-25,0.0,1,0,0
600519.SH,2026-03-03,0.03212152421474457,1,1,0
600519.SH,2026-03-10,1.0,1,0,0
600519.SH,2026-03-13,-0.15000000000000002,4,0,0
600519.SH,2026-03-19,0.022045191377401352,1,1,0
600519.SH,2026-03-22,0.0010981466621160507,1,1,0
600519.SH,2026-03-27,0.0,1,0,0
600519.SH,2026-03-29,0.3333333333333333,1,0,0
600519.SH,2026-03-30,0.5534039735794067,7,1,0
600519.SH,2026-03-31,0.6326958388090134,4,2,0
600519.SH,2026-04-02,0.0,2,0,0
600519.SH,2026-04-13,-1.0,1,0,0
600519.SH,2026-04-14,0.3333333333333333,3,0,0
600519.SH,2026-04-15,0.0,1,0,0
600519.SH,2026-04-16,-0.045567833266237326,19,4,0
600519.SH,2026-04-17,-0.1283005342597053,28,3,0
600519.SH,2026-04-18,-0.6666666666666666,3,0,0
600519.SH,2026-04-19,-0.31966596841812134,3,1,0
600519.SH,2026-04-20,0.158830455938975,5,3,0
600519.SH,2026-04-21,0.012007872263590494,3,1,0
600519.SH,2026-04-22,0.5,2,0,0
600519.SH,2026-04-23,0.0,2,0,0
600519.SH,2026-04-24,0.42716319203197856,27,3,0
600519.SH,2026-04-25,0.8333333333333334,6,0,0
600519.SH,2026-04-26,0.9737648963928223,3,1,0
600519.SH,2026-04-27,0.6924046104152998,6,2,0
600519.SH,2026-04-28,0.380952380952381,7,0,0
600519.SH,2026-04-29,0.5029089064337313,4,1,0
600519.SH,2026-04-30,-0.01855488990743955,3,1,0
600519.SH,2026-05-02,1.0,1,0,0
600519.SH,2026-05-03,1.0,1,0,0
600519.SH,2026-05-05,-0.05451031525929767,2,1,0
600519.SH,2026-05-06,0.4444444444444444,3,0,0
