date,equity,action,stock,fold,strategy,step,normalized_equity
2025-10-28,1.0,START,000001.SZ,1,With_NLP,0,1.0
2025-10-29,0.9920322648716859,BUY,000001.SZ,1,With_NLP,1,0.9920322648716859
2025-10-30,0.991161277215158,HOLD,000001.SZ,1,With_NLP,2,0.991161277215158
2025-10-31,0.9859354343379452,HOLD,000001.SZ,1,With_NLP,3,0.9859354343379452
2025-11-03,0.995516132435843,HOLD,000001.SZ,1,With_NLP,4,0.995516132435843
2025-11-04,1.0094516026924711,HOLD,000001.SZ,1,With_NLP,5,1.0094516026924711
2025-11-05,1.0084421510897787,SELL,000001.SZ,1,With_NLP,6,1.0084421510897787
2025-11-06,1.006559180529632,BUY,000001.SZ,1,With_NLP,7,1.006559180529632
2025-11-07,1.0100572107662404,HOLD,000001.SZ,1,With_NLP,8,1.0100572107662404
2025-11-10,1.0170532712394575,HOLD,000001.SZ,1,With_NLP,9,1.0170532712394575
2025-11-11,1.020551301476066,HOLD,000001.SZ,1,With_NLP,10,1.020551301476066
2025-11-12,1.021425829885123,HOLD,000001.SZ,1,With_NLP,11,1.021425829885123
2025-11-13,1.0231748033036177,HOLD,000001.SZ,1,With_NLP,12,1.0231748033036177
2025-11-14,1.0275473619492832,HOLD,000001.SZ,1,With_NLP,13,1.0275473619492832
2025-11-17,1.020551301476066,BUY,000001.SZ,1,With_NLP,14,1.020551301476066
2025-11-18,1.013555241002849,HOLD,000001.SZ,1,With_NLP,15,1.013555241002849
2025-11-19,1.0319199205949487,HOLD,000001.SZ,1,With_NLP,16,1.0319199205949487
2025-11-20,1.036292479240614,BUY,000001.SZ,1,With_NLP,17,1.036292479240614
2025-11-21,1.0223002748945607,BUY,000001.SZ,1,With_NLP,18,1.0223002748945607
2025-11-24,1.014429769411906,BUY,000001.SZ,1,With_NLP,19,1.014429769411906
2025-11-25,1.0319199205949487,HOLD,000001.SZ,1,With_NLP,20,1.0319199205949487
2025-11-26,1.0223002748945607,BUY,000001.SZ,1,With_NLP,21,1.0223002748945607
2025-11-27,1.0240493317126746,BUY,000001.SZ,1,With_NLP,22,1.0240493317126746
2025-11-28,1.0153042144213436,BUY,000001.SZ,1,With_NLP,23,1.0153042144213436
2025-12-01,1.0223002748945607,BUY,000001.SZ,1,With_NLP,24,1.0223002748945607
2025-12-02,1.0179277996485145,BUY,000001.SZ,1,With_NLP,25,1.0179277996485145
2025-12-03,1.0100572107662404,BUY,000001.SZ,1,With_NLP,26,1.0100572107662404
2025-12-04,1.0090471535554741,SELL,000001.SZ,1,With_NLP,27,1.0090471535554741
2025-12-05,1.0115473741656855,BUY,000001.SZ,1,With_NLP,28,1.0115473741656855
2025-12-08,1.0105358267915199,SELL,000001.SZ,1,With_NLP,29,1.0105358267915199
2025-12-09,1.001638361570821,BUY,000001.SZ,1,With_NLP,30,1.001638361570821
2025-12-10,1.0006367232092503,SELL,000001.SZ,1,With_NLP,31,1.0006367232092503
2025-12-11,1.0031652484980096,BUY,000001.SZ,1,With_NLP,32,1.0031652484980096
2025-12-12,1.0021620832495115,SELL,000001.SZ,1,With_NLP,33,1.0021620832495115
2025-12-15,1.015273174843614,BUY,000001.SZ,1,With_NLP,34,1.015273174843614
2025-12-16,1.0142579016687703,SELL,000001.SZ,1,With_NLP,35,1.0142579016687703
2025-12-17,1.0176567428498018,BUY,000001.SZ,1,With_NLP,36,1.0176567428498018
2025-12-18,1.0273655776663153,BUY,000001.SZ,1,With_NLP,37,1.0273655776663153
2025-12-19,1.0256003043640896,HOLD,000001.SZ,1,With_NLP,38,1.0256003043640896
2025-12-22,1.0167741903715528,BUY,000001.SZ,1,With_NLP,39,1.0167741903715528
2025-12-23,1.0203046528031403,HOLD,000001.SZ,1,With_NLP,40,1.0203046528031403
2025-12-24,1.0185393795009146,HOLD,000001.SZ,1,With_NLP,41,1.0185393795009146
2025-10-28,1.0,START,600036.SH,1,With_NLP,0,1.0
2025-10-29,1.0,SELL,600036.SH,1,With_NLP,1,1.0
2025-10-30,1.0,HOLD,600036.SH,1,With_NLP,2,1.0
2025-10-31,1.0,SELL,600036.SH,1,With_NLP,3,1.0
2025-11-03,1.0,HOLD,600036.SH,1,With_NLP,4,1.0
2025-11-04,1.0,SELL,600036.SH,1,With_NLP,5,1.0
2025-11-05,1.0,SELL,600036.SH,1,With_NLP,6,1.0
2025-11-06,1.0,SELL,600036.SH,1,With_NLP,7,1.0
2025-11-07,1.0,SELL,600036.SH,1,With_NLP,8,1.0
2025-11-10,1.0,SELL,600036.SH,1,With_NLP,9,1.0
2025-11-11,1.0,SELL,600036.SH,1,With_NLP,10,1.0
2025-11-12,1.0,SELL,600036.SH,1,With_NLP,11,1.0
2025-11-13,1.0,SELL,600036.SH,1,With_NLP,12,1.0
2025-11-14,1.0,SELL,600036.SH,1,With_NLP,13,1.0
2025-11-17,1.0,SELL,600036.SH,1,With_NLP,14,1.0
2025-11-18,1.0,SELL,600036.SH,1,With_NLP,15,1.0
2025-11-19,1.0,SELL,600036.SH,1,With_NLP,16,1.0
2025-11-20,1.0,SELL,600036.SH,1,With_NLP,17,1.0
2025-11-21,1.0,SELL,600036.SH,1,With_NLP,18,1.0
2025-11-24,1.0,HOLD,600036.SH,1,With_NLP,19,1.0
2025-11-25,1.0135291793908996,BUY,600036.SH,1,With_NLP,20,1.0135291793908996
2025-11-26,1.0125156502115087,SELL,600036.SH,1,With_NLP,21,1.0125156502115087
2025-11-27,1.0125156502115087,HOLD,600036.SH,1,With_NLP,22,1.0125156502115087
2025-11-28,1.0125156502115087,HOLD,600036.SH,1,With_NLP,23,1.0125156502115087
2025-12-01,1.0125156502115087,HOLD,600036.SH,1,With_NLP,24,1.0125156502115087
2025-12-02,1.0125156502115087,HOLD,600036.SH,1,With_NLP,25,1.0125156502115087
2025-12-03,1.0125156502115087,HOLD,600036.SH,1,With_NLP,26,1.0125156502115087
2025-12-04,1.0125156502115087,HOLD,600036.SH,1,With_NLP,27,1.0125156502115087
2025-12-05,1.0168859492616418,BUY,600036.SH,1,With_NLP,28,1.0168859492616418
2025-12-08,1.0158690633123801,SELL,600036.SH,1,With_NLP,29,1.0158690633123801
2025-12-09,1.0158690633123801,HOLD,600036.SH,1,With_NLP,30,1.0158690633123801
2025-12-10,1.0158690633123801,HOLD,600036.SH,1,With_NLP,31,1.0158690633123801
2025-12-11,1.014366442976249,BUY,600036.SH,1,With_NLP,32,1.014366442976249
2025-12-12,1.0133520765332726,SELL,600036.SH,1,With_NLP,33,1.0133520765332726
2025-12-15,1.0133520765332726,HOLD,600036.SH,1,With_NLP,34,1.0133520765332726
2025-12-16,1.0133520765332726,HOLD,600036.SH,1,With_NLP,35,1.0133520765332726
2025-12-17,1.0133520765332726,HOLD,600036.SH,1,With_NLP,36,1.0133520765332726
2025-12-18,1.0133520765332726,HOLD,600036.SH,1,With_NLP,37,1.0133520765332726
2025-12-19,1.0133520765332726,SELL,600036.SH,1,With_NLP,38,1.0133520765332726
2025-12-22,1.0133520765332726,HOLD,600036.SH,1,With_NLP,39,1.0133520765332726
2025-12-23,1.0133520765332726,HOLD,600036.SH,1,With_NLP,40,1.0133520765332726
2025-10-28,1.0,START,600519.SH,1,With_NLP,0,1.0
2025-10-29,0.9899433386779574,BUY,600519.SH,1,With_NLP,1,0.9899433386779574
2025-10-30,0.9889533953392794,SELL,600519.SH,1,With_NLP,2,0.9889533953392794
2025-10-31,0.9902288089929119,BUY,600519.SH,1,With_NLP,3,0.9902288089929119
2025-11-03,0.9936841918594145,HOLD,600519.SH,1,With_NLP,4,0.9936841918594145
2025-11-04,0.9895294147505946,HOLD,600519.SH,1,With_NLP,5,0.9895294147505946
2025-11-05,0.9833526156849861,HOLD,600519.SH,1,With_NLP,6,0.9833526156849861
2025-11-06,0.9937742154112719,HOLD,600519.SH,1,With_NLP,7,0.9937742154112719
2025-11-07,0.9925277484669632,BUY,600519.SH,1,With_NLP,8,0.9925277484669632
2025-11-10,1.0125884615162075,HOLD,600519.SH,1,With_NLP,9,1.0125884615162075
2025-11-11,1.0102963689038467,HOLD,600519.SH,1,With_NLP,10,1.0102963689038467
2025-11-12,1.0145619637370655,BUY,600519.SH,1,With_NLP,11,1.0145619637370655
2025-11-13,1.0181835309255884,HOLD,600519.SH,1,With_NLP,12,1.0181835309255884
2025-11-14,1.0086413725453347,BUY,600519.SH,1,With_NLP,13,1.0086413725453347
2025-11-17,1.0186128545123336,HOLD,600519.SH,1,With_NLP,14,1.0186128545123336
2025-11-18,1.0220751687696834,HOLD,600519.SH,1,With_NLP,15,1.0220751687696834
2025-11-19,1.018619785903181,HOLD,600519.SH,1,With_NLP,16,1.018619785903181
2025-11-20,1.0159191638766167,HOLD,600519.SH,1,With_NLP,17,1.0159191638766167
2025-11-21,1.0155660010600345,BUY,600519.SH,1,With_NLP,18,1.0155660010600345
2025-11-24,1.005456060334404,BUY,600519.SH,1,With_NLP,19,1.005456060334404
2025-11-25,1.0003664752819312,BUY,600519.SH,1,With_NLP,20,1.0003664752819312
2025-11-26,1.003482558113546,BUY,600519.SH,1,With_NLP,21,1.003482558113546
2025-11-27,1.002201518744158,HOLD,600519.SH,1,With_NLP,22,1.002201518744158
2025-11-28,1.0044173660571991,HOLD,600519.SH,1,With_NLP,23,1.0044173660571991
2025-12-01,1.0026862089285242,BUY,600519.SH,1,With_NLP,24,1.0026862089285242
2025-12-02,0.9943974488834262,HOLD,600519.SH,1,With_NLP,25,0.9943974488834262
2025-12-03,0.9895986441299104,HOLD,600519.SH,1,With_NLP,26,0.9895986441299104
2025-12-04,0.9860532377115503,BUY,600519.SH,1,With_NLP,27,0.9860532377115503
2025-12-05,0.9850671844738388,SELL,600519.SH,1,With_NLP,28,0.9850671844738388
2025-12-08,0.9850671844738388,SELL,600519.SH,1,With_NLP,29,0.9850671844738388
2025-12-09,0.9850671844738388,HOLD,600519.SH,1,With_NLP,30,0.9850671844738388
2025-12-10,0.9850671844738388,HOLD,600519.SH,1,With_NLP,31,0.9850671844738388
2025-12-11,0.9850671844738388,SELL,600519.SH,1,With_NLP,32,0.9850671844738388
2025-12-12,0.9850671844738388,SELL,600519.SH,1,With_NLP,33,0.9850671844738388
2025-12-15,0.9850671844738388,SELL,600519.SH,1,With_NLP,34,0.9850671844738388
2025-12-16,0.9850671844738388,SELL,600519.SH,1,With_NLP,35,0.9850671844738388
2025-12-17,0.9850671844738388,SELL,600519.SH,1,With_NLP,36,0.9850671844738388
2025-12-18,0.9850671844738388,SELL,600519.SH,1,With_NLP,37,0.9850671844738388
2025-12-19,0.9696406606415126,BUY,600519.SH,1,With_NLP,38,0.9696406606415126
2025-12-22,0.9684440895206834,BUY,600519.SH,1,With_NLP,39,0.9684440895206834
2025-12-23,0.9681689973666945,BUY,600519.SH,1,With_NLP,40,0.9681689973666945
2025-10-28,1.0,START,000001.SZ,1,Without_NLP,0,1.0
2025-10-29,0.9920322648716859,BUY,000001.SZ,1,Without_NLP,1,0.9920322648716859
2025-10-30,0.991161277215158,BUY,000001.SZ,1,Without_NLP,2,0.991161277215158
2025-10-31,0.9859354343379452,BUY,000001.SZ,1,Without_NLP,3,0.9859354343379452
2025-11-03,0.995516132435843,BUY,000001.SZ,1,Without_NLP,4,0.995516132435843
2025-11-04,1.0094516026924711,BUY,000001.SZ,1,Without_NLP,5,1.0094516026924711
2025-11-05,1.003354855220685,BUY,000001.SZ,1,Without_NLP,6,1.003354855220685
2025-11-06,1.0024838675641572,BUY,000001.SZ,1,Without_NLP,7,1.0024838675641572
2025-11-07,1.005967735128314,BUY,000001.SZ,1,Without_NLP,8,1.005967735128314
2025-11-10,1.0129354702566282,BUY,000001.SZ,1,Without_NLP,9,1.0129354702566282
2025-11-11,1.0164193378207853,BUY,000001.SZ,1,Without_NLP,10,1.0164193378207853
2025-11-12,1.0172903254773131,BUY,000001.SZ,1,Without_NLP,11,1.0172903254773131
2025-11-13,1.0190322177284143,BUY,000001.SZ,1,Without_NLP,12,1.0190322177284143
2025-11-14,1.0233870729490995,BUY,000001.SZ,1,Without_NLP,13,1.0233870729490995
2025-11-17,1.0164193378207853,BUY,000001.SZ,1,Without_NLP,14,1.0164193378207853
2025-11-18,1.0094516026924711,BUY,000001.SZ,1,Without_NLP,15,1.0094516026924711
2025-11-19,1.0277419281697844,BUY,000001.SZ,1,Without_NLP,16,1.0277419281697844
2025-11-20,1.0320967833904693,BUY,000001.SZ,1,Without_NLP,17,1.0320967833904693
2025-11-21,1.0181612300718865,BUY,000001.SZ,1,Without_NLP,18,1.0181612300718865
2025-11-24,1.0103225903489992,BUY,000001.SZ,1,Without_NLP,19,1.0103225903489992
2025-11-25,1.0277419281697844,BUY,000001.SZ,1,Without_NLP,20,1.0277419281697844
2025-11-26,1.0181612300718865,BUY,000001.SZ,1,Without_NLP,21,1.0181612300718865
2025-11-27,1.0199032053849424,BUY,000001.SZ,1,Without_NLP,22,1.0199032053849424
2025-11-28,1.0111934949435724,BUY,000001.SZ,1,Without_NLP,23,1.0111934949435724
2025-12-01,1.0181612300718865,BUY,000001.SZ,1,Without_NLP,24,1.0181612300718865
2025-12-02,1.0138064579131563,BUY,000001.SZ,1,Without_NLP,25,1.0138064579131563
2025-12-03,1.005967735128314,BUY,000001.SZ,1,Without_NLP,26,1.005967735128314
2025-12-04,1.0007418922511013,BUY,000001.SZ,1,Without_NLP,27,1.0007418922511013
2025-12-05,0.9997411503588503,SELL,000001.SZ,1,Without_NLP,28,0.9997411503588503
2025-12-08,0.9997411503588503,SELL,000001.SZ,1,Without_NLP,29,0.9997411503588503
2025-12-09,0.9909387290302947,BUY,000001.SZ,1,Without_NLP,30,0.9909387290302947
2025-12-10,0.9899477903012643,SELL,000001.SZ,1,Without_NLP,31,0.9899477903012643
2025-12-11,0.9899477903012643,SELL,000001.SZ,1,Without_NLP,32,0.9899477903012643
2025-12-12,0.9899477903012643,SELL,000001.SZ,1,Without_NLP,33,0.9899477903012643
2025-12-15,0.9899477903012643,SELL,000001.SZ,1,Without_NLP,34,0.9899477903012643
2025-12-16,0.9899477903012643,SELL,000001.SZ,1,Without_NLP,35,0.9899477903012643
2025-12-17,0.9899477903012643,SELL,000001.SZ,1,Without_NLP,36,0.9899477903012643
2025-12-18,0.9983928788342585,BUY,000001.SZ,1,Without_NLP,37,0.9983928788342585
2025-12-19,0.9973944859554242,SELL,000001.SZ,1,Without_NLP,38,0.9973944859554242
2025-12-22,0.9878222945688435,BUY,000001.SZ,1,Without_NLP,39,0.9878222945688435
2025-12-23,0.9912522296843144,BUY,000001.SZ,1,Without_NLP,40,0.9912522296843144
2025-12-24,0.9895372212385272,BUY,000001.SZ,1,Without_NLP,41,0.9895372212385272
2025-10-28,1.0,START,600036.SH,1,Without_NLP,0,1.0
2025-10-29,0.9790680757510872,BUY,600036.SH,1,Without_NLP,1,0.9790680757510872
2025-10-30,0.9780890076753361,SELL,600036.SH,1,Without_NLP,2,0.9780890076753361
2025-10-31,0.9697588380600047,BUY,600036.SH,1,Without_NLP,3,0.9697588380600047
2025-11-03,0.9687890792219447,SELL,600036.SH,1,Without_NLP,4,0.9687890792219447
2025-11-04,0.9687890792219447,SELL,600036.SH,1,Without_NLP,5,0.9687890792219447
2025-11-05,0.9687890792219447,HOLD,600036.SH,1,Without_NLP,6,0.9687890792219447
2025-11-06,0.9687890792219447,HOLD,600036.SH,1,Without_NLP,7,0.9687890792219447
2025-11-07,0.9687890792219447,HOLD,600036.SH,1,Without_NLP,8,0.9687890792219447
2025-11-10,0.9687890792219447,HOLD,600036.SH,1,Without_NLP,9,0.9687890792219447
2025-11-11,0.9687890792219447,SELL,600036.SH,1,Without_NLP,10,0.9687890792219447
2025-11-12,0.9671444654708939,BUY,600036.SH,1,Without_NLP,11,0.9671444654708939
2025-11-13,0.9661773210054231,SELL,600036.SH,1,Without_NLP,12,0.9661773210054231
2025-11-14,0.9661773210054231,HOLD,600036.SH,1,Without_NLP,13,0.9661773210054231
2025-11-17,0.9518209653395545,BUY,600036.SH,1,Without_NLP,14,0.9518209653395545
2025-11-18,0.950869144374215,SELL,600036.SH,1,Without_NLP,15,0.950869144374215
2025-11-19,0.9574502796719845,BUY,600036.SH,1,Without_NLP,16,0.9574502796719845
2025-11-20,0.9564928293923125,SELL,600036.SH,1,Without_NLP,17,0.9564928293923125
2025-11-21,0.950452530818603,BUY,600036.SH,1,Without_NLP,18,0.950452530818603
2025-11-24,0.9495020782877844,SELL,600036.SH,1,Without_NLP,19,0.9495020782877844
2025-11-25,0.9495020782877844,SELL,600036.SH,1,Without_NLP,20,0.9495020782877844
2025-11-26,0.9495020782877844,SELL,600036.SH,1,Without_NLP,21,0.9495020782877844
2025-11-27,0.9472366350022988,BUY,600036.SH,1,Without_NLP,22,0.9472366350022988
2025-11-28,0.9462893983672965,SELL,600036.SH,1,Without_NLP,23,0.9462893983672965
2025-12-01,0.9561281170177236,BUY,600036.SH,1,Without_NLP,24,0.9561281170177236
2025-12-02,0.9551719889007059,SELL,600036.SH,1,Without_NLP,25,0.9551719889007059
2025-12-03,0.9460779779445642,BUY,600036.SH,1,Without_NLP,26,0.9460779779445642
2025-12-04,0.9451318999666196,SELL,600036.SH,1,Without_NLP,27,0.9451318999666196
2025-12-05,0.9492113520163847,BUY,600036.SH,1,Without_NLP,28,0.9492113520163847
2025-12-08,0.9482621406643683,SELL,600036.SH,1,Without_NLP,29,0.9482621406643683
2025-12-09,0.9442424713013442,BUY,600036.SH,1,Without_NLP,30,0.9442424713013442
2025-12-10,0.9432982288300429,SELL,600036.SH,1,Without_NLP,31,0.9432982288300429
2025-12-11,0.9432982288300429,SELL,600036.SH,1,Without_NLP,32,0.9432982288300429
2025-12-12,0.9432982288300429,SELL,600036.SH,1,Without_NLP,33,0.9432982288300429
2025-12-15,0.9432982288300429,SELL,600036.SH,1,Without_NLP,34,0.9432982288300429
2025-12-16,0.9432982288300429,SELL,600036.SH,1,Without_NLP,35,0.9432982288300429
2025-12-17,0.9432982288300429,SELL,600036.SH,1,Without_NLP,36,0.9432982288300429
2025-12-18,0.9432982288300429,SELL,600036.SH,1,Without_NLP,37,0.9432982288300429
2025-12-19,0.9432982288300429,SELL,600036.SH,1,Without_NLP,38,0.9432982288300429
2025-12-22,0.9432982288300429,SELL,600036.SH,1,Without_NLP,39,0.9432982288300429
2025-12-23,0.9432982288300429,SELL,600036.SH,1,Without_NLP,40,0.9432982288300429
2025-10-28,1.0,START,600519.SH,1,Without_NLP,0,1.0
2025-10-29,0.9899433386779574,BUY,600519.SH,1,Without_NLP,1,0.9899433386779574
2025-10-30,0.9863759517260489,BUY,600519.SH,1,Without_NLP,2,0.9863759517260489
2025-10-31,0.9886366780317366,HOLD,600519.SH,1,Without_NLP,3,0.9886366780317366
2025-11-03,0.9920865051903114,BUY,600519.SH,1,Without_NLP,4,0.9920865051903114
2025-11-04,0.9879384083044983,BUY,600519.SH,1,Without_NLP,5,0.9879384083044983
2025-11-05,0.981771540552687,BUY,600519.SH,1,Without_NLP,6,0.981771540552687
2025-11-06,0.9921763839985672,BUY,600519.SH,1,Without_NLP,7,0.9921763839985672
2025-11-07,0.9909319211755244,BUY,600519.SH,1,Without_NLP,8,0.9909319211755244
2025-11-10,1.0109603797780602,BUY,600519.SH,1,Without_NLP,9,1.0109603797780602
2025-11-11,1.009949419398282,SELL,600519.SH,1,Without_NLP,10,1.009949419398282
2025-11-12,1.0131993358188869,BUY,600519.SH,1,Without_NLP,11,1.0131993358188869
2025-11-13,1.012186136483068,SELL,600519.SH,1,Without_NLP,12,1.012186136483068
2025-11-14,1.0016974839816037,BUY,600519.SH,1,Without_NLP,13,1.0016974839816037
2025-11-17,1.011600318298924,BUY,600519.SH,1,Without_NLP,14,1.011600318298924
2025-11-18,1.0150387966072139,BUY,600519.SH,1,Without_NLP,15,1.0150387966072139
2025-11-19,1.0116072019713185,BUY,600519.SH,1,Without_NLP,16,1.0116072019713185
2025-11-20,1.0089251721014074,BUY,600519.SH,1,Without_NLP,17,1.0089251721014074
2025-11-21,1.0085744405981838,BUY,600519.SH,1,Without_NLP,18,1.0085744405981838
2025-11-24,0.9985341007274218,BUY,600519.SH,1,Without_NLP,19,0.9985341007274218
2025-11-25,0.9934795544036803,BUY,600519.SH,1,Without_NLP,20,0.9934795544036803
2025-11-26,0.9965741848811414,BUY,600519.SH,1,Without_NLP,21,0.9965741848811414
2025-11-27,0.9953019646965189,BUY,600519.SH,1,Without_NLP,22,0.9953019646965189
2025-11-28,0.9975025572349348,BUY,600519.SH,1,Without_NLP,23,0.9975025572349348
2025-12-01,0.9957833180807898,BUY,600519.SH,1,Without_NLP,24,0.9957833180807898
2025-12-02,0.9875516211580773,BUY,600519.SH,1,Without_NLP,25,0.9875516211580773
2025-12-03,0.9827858532860086,BUY,600519.SH,1,Without_NLP,26,0.9827858532860086
2025-12-04,0.9792648548562086,BUY,600519.SH,1,Without_NLP,27,0.9792648548562086
2025-12-05,0.9834116798433402,BUY,600519.SH,1,Without_NLP,28,0.9834116798433402
2025-12-08,0.9753037211292805,BUY,600519.SH,1,Without_NLP,29,0.9753037211292805
2025-12-09,0.9634685056552581,BUY,600519.SH,1,Without_NLP,30,0.9634685056552581
2025-12-10,0.9646995077527377,BUY,600519.SH,1,Without_NLP,31,0.9646995077527377
2025-12-11,0.9710193905887071,BUY,600519.SH,1,Without_NLP,32,0.9710193905887071
2025-12-12,0.9769748585238882,BUY,600519.SH,1,Without_NLP,33,0.9769748585238882
2025-12-15,0.9806540135243137,BUY,600519.SH,1,Without_NLP,34,0.9806540135243137
2025-12-16,0.9779032308776817,BUY,600519.SH,1,Without_NLP,35,0.9779032308776817
2025-12-17,0.9855366359326406,BUY,600519.SH,1,Without_NLP,36,0.9855366359326406
2025-12-18,0.9840924918326037,BUY,600519.SH,1,Without_NLP,37,0.9840924918326037
2025-12-19,0.9696508829377857,BUY,600519.SH,1,Without_NLP,38,0.9696508829377857
2025-12-22,0.9684542992022787,BUY,600519.SH,1,Without_NLP,39,0.9684542992022787
2025-12-23,0.9681792041481706,BUY,600519.SH,1,Without_NLP,40,0.9681792041481706
2025-10-28,1.0,BUY,000001.SZ,1,Buy_and_Hold,0,1.0
2025-10-29,0.9920322580645162,HOLD,000001.SZ,1,Buy_and_Hold,1,0.9920322580645162
2025-10-30,0.9911612903225807,HOLD,000001.SZ,1,Buy_and_Hold,2,0.9911612903225807
2025-10-31,0.9859354838709677,HOLD,000001.SZ,1,Buy_and_Hold,3,0.9859354838709677
2025-11-03,0.9955161290322581,HOLD,000001.SZ,1,Buy_and_Hold,4,0.9955161290322581
2025-11-04,1.0094516129032258,HOLD,000001.SZ,1,Buy_and_Hold,5,1.0094516129032258
2025-11-05,1.0033548387096773,HOLD,000001.SZ,1,Buy_and_Hold,6,1.0033548387096773
2025-11-06,1.002483870967742,HOLD,000001.SZ,1,Buy_and_Hold,7,1.002483870967742
2025-11-07,1.005967741935484,HOLD,000001.SZ,1,Buy_and_Hold,8,1.005967741935484
2025-11-10,1.0129354838709679,HOLD,000001.SZ,1,Buy_and_Hold,9,1.0129354838709679
2025-11-11,1.0164193548387097,HOLD,000001.SZ,1,Buy_and_Hold,10,1.0164193548387097
2025-11-12,1.0172903225806451,HOLD,000001.SZ,1,Buy_and_Hold,11,1.0172903225806451
2025-11-13,1.0190322580645161,HOLD,000001.SZ,1,Buy_and_Hold,12,1.0190322580645161
2025-11-14,1.0233870967741936,HOLD,000001.SZ,1,Buy_and_Hold,13,1.0233870967741936
2025-11-17,1.0164193548387097,HOLD,000001.SZ,1,Buy_and_Hold,14,1.0164193548387097
2025-11-18,1.0094516129032258,HOLD,000001.SZ,1,Buy_and_Hold,15,1.0094516129032258
2025-11-19,1.027741935483871,HOLD,000001.SZ,1,Buy_and_Hold,16,1.027741935483871
2025-11-20,1.0320967741935483,HOLD,000001.SZ,1,Buy_and_Hold,17,1.0320967741935483
2025-11-21,1.0181612903225805,HOLD,000001.SZ,1,Buy_and_Hold,18,1.0181612903225805
2025-11-24,1.0103225806451612,HOLD,000001.SZ,1,Buy_and_Hold,19,1.0103225806451612
2025-11-25,1.027741935483871,HOLD,000001.SZ,1,Buy_and_Hold,20,1.027741935483871
2025-11-26,1.0181612903225805,HOLD,000001.SZ,1,Buy_and_Hold,21,1.0181612903225805
2025-11-27,1.0199032258064518,HOLD,000001.SZ,1,Buy_and_Hold,22,1.0199032258064518
2025-11-28,1.0111935483870966,HOLD,000001.SZ,1,Buy_and_Hold,23,1.0111935483870966
2025-12-01,1.0181612903225805,HOLD,000001.SZ,1,Buy_and_Hold,24,1.0181612903225805
2025-12-02,1.0138064516129033,HOLD,000001.SZ,1,Buy_and_Hold,25,1.0138064516129033
2025-12-03,1.005967741935484,HOLD,000001.SZ,1,Buy_and_Hold,26,1.005967741935484
2025-12-04,1.000741935483871,HOLD,000001.SZ,1,Buy_and_Hold,27,1.000741935483871
2025-12-05,1.0042258064516127,HOLD,000001.SZ,1,Buy_and_Hold,28,1.0042258064516127
2025-12-08,1.0033548387096773,HOLD,000001.SZ,1,Buy_and_Hold,29,1.0033548387096773
2025-12-09,0.9955161290322581,HOLD,000001.SZ,1,Buy_and_Hold,30,0.9955161290322581
2025-12-10,0.9868064516129033,HOLD,000001.SZ,1,Buy_and_Hold,31,0.9868064516129033
2025-12-11,0.9902903225806451,HOLD,000001.SZ,1,Buy_and_Hold,32,0.9902903225806451
2025-12-12,0.9885483870967742,HOLD,000001.SZ,1,Buy_and_Hold,33,0.9885483870967742
2025-12-15,1.002483870967742,HOLD,000001.SZ,1,Buy_and_Hold,34,1.002483870967742
2025-12-16,0.9998709677419355,HOLD,000001.SZ,1,Buy_and_Hold,35,0.9998709677419355
2025-12-17,1.0042258064516127,HOLD,000001.SZ,1,Buy_and_Hold,36,1.0042258064516127
2025-12-18,1.0138064516129033,HOLD,000001.SZ,1,Buy_and_Hold,37,1.0138064516129033
2025-12-19,1.0120645161290323,HOLD,000001.SZ,1,Buy_and_Hold,38,1.0120645161290323
2025-12-22,1.0033548387096773,HOLD,000001.SZ,1,Buy_and_Hold,39,1.0033548387096773
2025-12-23,1.0068387096774194,HOLD,000001.SZ,1,Buy_and_Hold,40,1.0068387096774194
2025-12-24,1.0050967741935484,HOLD,000001.SZ,1,Buy_and_Hold,41,1.0050967741935484
2025-10-28,1.0,BUY,600036.SH,1,Buy_and_Hold,0,1.0
2025-10-29,0.9790680288461538,HOLD,600036.SH,1,Buy_and_Hold,1,0.9790680288461538
2025-10-30,0.9893942307692308,HOLD,600036.SH,1,Buy_and_Hold,2,0.9893942307692308
2025-10-31,0.9819497596153846,HOLD,600036.SH,1,Buy_and_Hold,3,0.9819497596153846
2025-11-03,1.0035627403846152,HOLD,600036.SH,1,Buy_and_Hold,4,1.0035627403846152
2025-11-04,1.0328603365384614,HOLD,600036.SH,1,Buy_and_Hold,5,1.0328603365384614
2025-11-05,1.0278173076923076,HOLD,600036.SH,1,Buy_and_Hold,6,1.0278173076923076
2025-11-06,1.016770673076923,HOLD,600036.SH,1,Buy_and_Hold,7,1.016770673076923
2025-11-07,1.020853125,HOLD,600036.SH,1,Buy_and_Hold,8,1.020853125
2025-11-10,1.0258961538461537,HOLD,600036.SH,1,Buy_and_Hold,9,1.0258961538461537
2025-11-11,1.0316596153846154,HOLD,600036.SH,1,Buy_and_Hold,10,1.0316596153846154
2025-11-12,1.0309391826923076,HOLD,600036.SH,1,Buy_and_Hold,11,1.0309391826923076
2025-11-13,1.0376632211538461,HOLD,600036.SH,1,Buy_and_Hold,12,1.0376632211538461
2025-11-14,1.038623798076923,HOLD,600036.SH,1,Buy_and_Hold,13,1.038623798076923
2025-11-17,1.0242151442307692,HOLD,600036.SH,1,Buy_and_Hold,14,1.0242151442307692
2025-11-18,1.0297384615384615,HOLD,600036.SH,1,Buy_and_Hold,15,1.0297384615384615
2025-11-19,1.0379033653846153,HOLD,600036.SH,1,Buy_and_Hold,16,1.0379033653846153
2025-11-20,1.0381435096153844,HOLD,600036.SH,1,Buy_and_Hold,17,1.0381435096153844
2025-11-21,1.0326201923076923,HOLD,600036.SH,1,Buy_and_Hold,18,1.0326201923076923
2025-11-24,1.0237348557692307,HOLD,600036.SH,1,Buy_and_Hold,19,1.0237348557692307
2025-11-25,1.038623798076923,HOLD,600036.SH,1,Buy_and_Hold,20,1.038623798076923
2025-11-26,1.038623798076923,HOLD,600036.SH,1,Buy_and_Hold,21,1.038623798076923
2025-11-27,1.0371829326923077,HOLD,600036.SH,1,Buy_and_Hold,22,1.0371829326923077
2025-11-28,1.0314194711538462,HOLD,600036.SH,1,Buy_and_Hold,23,1.0314194711538462
2025-12-01,1.0431865384615384,HOLD,600036.SH,1,Buy_and_Hold,24,1.0431865384615384
2025-12-02,1.041745673076923,HOLD,600036.SH,1,Buy_and_Hold,25,1.041745673076923
2025-12-03,1.0328603365384614,HOLD,600036.SH,1,Buy_and_Hold,26,1.0328603365384614
2025-12-04,1.0379033653846153,HOLD,600036.SH,1,Buy_and_Hold,27,1.0379033653846153
2025-12-05,1.0434266826923078,HOLD,600036.SH,1,Buy_and_Hold,28,1.0434266826923078
2025-12-08,1.0369427884615383,HOLD,600036.SH,1,Buy_and_Hold,29,1.0369427884615383
2025-12-09,1.0335807692307692,HOLD,600036.SH,1,Buy_and_Hold,30,1.0335807692307692
2025-12-10,1.0014014423076922,HOLD,600036.SH,1,Buy_and_Hold,31,1.0014014423076922
2025-12-11,1.0009211538461538,HOLD,600036.SH,1,Buy_and_Hold,32,1.0009211538461538
2025-12-12,1.0023620192307692,HOLD,600036.SH,1,Buy_and_Hold,33,1.0023620192307692
2025-12-15,1.0038028846153846,HOLD,600036.SH,1,Buy_and_Hold,34,1.0038028846153846
2025-12-16,1.0014014423076922,HOLD,600036.SH,1,Buy_and_Hold,35,1.0014014423076922
2025-12-17,0.9970788461538461,HOLD,600036.SH,1,Buy_and_Hold,36,0.9970788461538461
2025-12-18,1.0174911057692306,HOLD,600036.SH,1,Buy_and_Hold,37,1.0174911057692306
2025-12-19,1.008365625,HOLD,600036.SH,1,Buy_and_Hold,38,1.008365625
2025-12-22,1.003082451923077,HOLD,600036.SH,1,Buy_and_Hold,39,1.003082451923077
2025-12-23,1.006444471153846,HOLD,600036.SH,1,Buy_and_Hold,40,1.006444471153846
2025-10-28,1.0,BUY,600519.SH,1,Buy_and_Hold,0,1.0
2025-10-29,0.989943321799308,HOLD,600519.SH,1,Buy_and_Hold,1,0.989943321799308
2025-10-30,0.9863759584775087,HOLD,600519.SH,1,Buy_and_Hold,2,0.9863759584775087
2025-10-31,0.9886366712802768,HOLD,600519.SH,1,Buy_and_Hold,3,0.9886366712802768
2025-11-03,0.9920865051903114,HOLD,600519.SH,1,Buy_and_Hold,4,0.9920865051903114
2025-11-04,0.9879384083044983,HOLD,600519.SH,1,Buy_and_Hold,5,0.9879384083044983
2025-11-05,0.981771570934256,HOLD,600519.SH,1,Buy_and_Hold,6,0.981771570934256
2025-11-06,0.9921763806228374,HOLD,600519.SH,1,Buy_and_Hold,7,0.9921763806228374
2025-11-07,0.9909319515570933,HOLD,600519.SH,1,Buy_and_Hold,8,0.9909319515570933
2025-11-10,1.0109603460207612,HOLD,600519.SH,1,Buy_and_Hold,9,1.0109603460207612
2025-11-11,1.0086719792387544,HOLD,600519.SH,1,Buy_and_Hold,10,1.0086719792387544
2025-11-12,1.0129306920415226,HOLD,600519.SH,1,Buy_and_Hold,11,1.0129306920415226
2025-11-13,1.0165464498269896,HOLD,600519.SH,1,Buy_and_Hold,12,1.0165464498269896
2025-11-14,1.0070196539792386,HOLD,600519.SH,1,Buy_and_Hold,13,1.0070196539792386
2025-11-17,1.0169750865051903,HOLD,600519.SH,1,Buy_and_Hold,14,1.0169750865051903
2025-11-18,1.0204318339100347,HOLD,600519.SH,1,Buy_and_Hold,15,1.0204318339100347
2025-11-19,1.016982,HOLD,600519.SH,1,Buy_and_Hold,16,1.016982
2025-11-20,1.0142857370242213,HOLD,600519.SH,1,Buy_and_Hold,17,1.0142857370242213
2025-11-21,1.0139331487889272,HOLD,600519.SH,1,Buy_and_Hold,18,1.0139331487889272
2025-11-24,1.003839446366782,HOLD,600519.SH,1,Buy_and_Hold,19,1.003839446366782
2025-11-25,0.998758027681661,HOLD,600519.SH,1,Buy_and_Hold,20,0.998758027681661
2025-11-26,1.0018691003460207,HOLD,600519.SH,1,Buy_and_Hold,21,1.0018691003460207
2025-11-27,1.0005901038062284,HOLD,600519.SH,1,Buy_and_Hold,22,1.0005901038062284
2025-11-28,1.0028024221453287,HOLD,600519.SH,1,Buy_and_Hold,23,1.0028024221453287
2025-12-01,1.0010740484429066,HOLD,600519.SH,1,Buy_and_Hold,24,1.0010740484429066
2025-12-02,0.9927985951557093,HOLD,600519.SH,1,Buy_and_Hold,25,0.9927985951557093
2025-12-03,0.9880075432525951,HOLD,600519.SH,1,Buy_and_Hold,26,0.9880075432525951
2025-12-04,0.9844678339100346,HOLD,600519.SH,1,Buy_and_Hold,27,0.9844678339100346
2025-12-05,0.9886366712802768,HOLD,600519.SH,1,Buy_and_Hold,28,0.9886366712802768
2025-12-08,0.9804856608996539,HOLD,600519.SH,1,Buy_and_Hold,29,0.9804856608996539
2025-12-09,0.9685875363321799,HOLD,600519.SH,1,Buy_and_Hold,30,0.9685875363321799
2025-12-10,0.9698250519031142,HOLD,600519.SH,1,Buy_and_Hold,31,0.9698250519031142
2025-12-11,0.976178553633218,HOLD,600519.SH,1,Buy_and_Hold,32,0.976178553633218
2025-12-12,0.9821656401384083,HOLD,600519.SH,1,Buy_and_Hold,33,0.9821656401384083
2025-12-15,0.9858643598615917,HOLD,600519.SH,1,Buy_and_Hold,34,0.9858643598615917
2025-12-16,0.9830989619377163,HOLD,600519.SH,1,Buy_and_Hold,35,0.9830989619377163
2025-12-17,0.9907729411764705,HOLD,600519.SH,1,Buy_and_Hold,36,0.9907729411764705
2025-12-18,0.989321107266436,HOLD,600519.SH,1,Buy_and_Hold,37,0.989321107266436
2025-12-19,0.9748027681660899,HOLD,600519.SH,1,Buy_and_Hold,38,0.9748027681660899
2025-12-22,0.9735998200692041,HOLD,600519.SH,1,Buy_and_Hold,39,0.9735998200692041
2025-12-23,0.9733232802768165,HOLD,600519.SH,1,Buy_and_Hold,40,0.9733232802768165
2025-12-25,1.0,START,000001.SZ,2,With_NLP,0,1.0
2025-12-26,1.0,SELL,000001.SZ,2,With_NLP,1,1.0
2025-12-29,1.0,SELL,000001.SZ,2,With_NLP,2,1.0
2025-12-30,0.9920864296192091,BUY,000001.SZ,2,With_NLP,3,0.9920864296192091
2025-12-31,0.9860371482532044,BUY,000001.SZ,2,With_NLP,4,0.9860371482532044
2026-01-05,0.9850511111049512,SELL,000001.SZ,2,With_NLP,5,0.9850511111049512
2026-01-06,0.9850511111049512,HOLD,000001.SZ,2,With_NLP,6,0.9850511111049512
2026-01-07,0.9850511111049512,HOLD,000001.SZ,2,With_NLP,7,0.9850511111049512
2026-01-08,0.9850511111049512,SELL,000001.SZ,2,With_NLP,8,0.9850511111049512
2026-01-09,0.9797912129289494,BUY,000001.SZ,2,With_NLP,9,0.9797912129289494
2026-01-12,0.9815011028333526,HOLD,000001.SZ,2,With_NLP,10,0.9815011028333526
2026-01-13,0.9806461986491141,HOLD,000001.SZ,2,With_NLP,11,0.9806461986491141
2026-01-14,0.9712415187991558,HOLD,000001.SZ,2,With_NLP,12,0.9712415187991558
2026-01-15,0.9669667532701849,HOLD,000001.SZ,2,With_NLP,13,0.9669667532701849
2026-01-16,0.956707087700062,HOLD,000001.SZ,2,With_NLP,14,0.956707087700062
2026-01-19,0.950722350730762,BUY,000001.SZ,2,With_NLP,15,0.950722350730762
2026-01-20,0.9541422120754943,BUY,000001.SZ,2,With_NLP,16,0.9541422120754943
2026-01-21,0.9464475036658652,BUY,000001.SZ,2,With_NLP,17,0.9464475036658652
2026-01-22,0.9464475036658652,BUY,000001.SZ,2,With_NLP,18,0.9464475036658652
2026-01-23,0.9396077809764005,BUY,000001.SZ,2,With_NLP,19,0.9396077809764005
2026-01-26,0.9370429053518329,BUY,000001.SZ,2,With_NLP,20,0.9370429053518329
2026-01-27,0.9353329339115037,BUY,000001.SZ,2,With_NLP,21,0.9353329339115037
2026-01-28,0.926783321317636,BUY,000001.SZ,2,With_NLP,22,0.926783321317636
2026-01-29,0.9370429053518329,BUY,000001.SZ,2,With_NLP,23,0.9370429053518329
2026-01-30,0.9259283355974715,BUY,000001.SZ,2,With_NLP,24,0.9259283355974715
2026-02-02,0.9284932112220391,BUY,000001.SZ,2,With_NLP,25,0.9284932112220391
2026-02-03,0.926783321317636,BUY,000001.SZ,2,With_NLP,26,0.926783321317636
2026-02-04,0.9378978910719974,BUY,000001.SZ,2,With_NLP,27,0.9378978910719974
2026-02-05,0.9481574751061943,HOLD,000001.SZ,2,With_NLP,28,0.9481574751061943
2026-02-06,0.944737613761462,HOLD,000001.SZ,2,With_NLP,29,0.944737613761462
2026-02-09,0.9464475036658652,HOLD,000001.SZ,2,With_NLP,30,0.9464475036658652
2026-02-10,0.9455925994816266,HOLD,000001.SZ,2,With_NLP,31,0.9455925994816266
2026-02-11,0.9464475036658652,HOLD,000001.SZ,2,With_NLP,32,0.9464475036658652
2026-02-12,0.9370429053518329,HOLD,000001.SZ,2,With_NLP,33,0.9370429053518329
2026-02-13,0.932768058286936,BUY,000001.SZ,2,With_NLP,34,0.932768058286936
2026-02-24,0.932768058286936,BUY,000001.SZ,2,With_NLP,35,0.932768058286936
2026-02-25,0.9284932112220391,BUY,000001.SZ,2,With_NLP,36,0.9284932112220391
2026-02-26,0.9293481969422037,BUY,000001.SZ,2,With_NLP,37,0.9293481969422037
2026-02-27,0.9319130725667714,BUY,000001.SZ,2,With_NLP,38,0.9319130725667714
2026-03-02,0.9276383070378006,BUY,000001.SZ,2,With_NLP,39,0.9276383070378006
2026-03-03,0.9302031826623682,BUY,000001.SZ,2,With_NLP,40,0.9302031826623682
2026-03-04,0.9156687515632745,BUY,000001.SZ,2,With_NLP,41,0.9156687515632745
2025-12-24,1.0,START,600036.SH,2,With_NLP,0,1.0
2025-12-25,0.9978058081157202,BUY,600036.SH,2,With_NLP,1,0.9978058081157202
2025-12-26,0.9958952650881621,HOLD,600036.SH,2,With_NLP,2,0.9958952650881621
2025-12-29,0.9999552259617541,HOLD,600036.SH,2,With_NLP,3,0.9999552259617541
2025-12-30,1.00974699812612,HOLD,600036.SH,2,With_NLP,4,1.00974699812612
2025-12-31,1.005448162434052,HOLD,600036.SH,2,With_NLP,5,1.005448162434052
2026-01-05,1.0044427142716181,SELL,600036.SH,2,With_NLP,6,1.0044427142716181
2026-01-06,1.0044427142716181,SELL,600036.SH,2,With_NLP,7,1.0044427142716181
2026-01-07,1.0044427142716181,SELL,600036.SH,2,With_NLP,8,1.0044427142716181
2026-01-08,1.0044427142716181,SELL,600036.SH,2,With_NLP,9,1.0044427142716181
2026-01-09,1.0044427142716181,SELL,600036.SH,2,With_NLP,10,1.0044427142716181
2026-01-12,1.0044427142716181,HOLD,600036.SH,2,With_NLP,11,1.0044427142716181
2026-01-13,1.0036823505104517,BUY,600036.SH,2,With_NLP,12,1.0036823505104517
2026-01-14,0.9778154737231863,HOLD,600036.SH,2,With_NLP,13,0.9778154737231863
2026-01-15,0.978791603357916,BUY,600036.SH,2,With_NLP,14,0.978791603357916
2026-01-16,0.9448718898062439,HOLD,600036.SH,2,With_NLP,15,0.9448718898062439
2026-01-19,0.9407233854030652,BUY,600036.SH,2,With_NLP,16,0.9407233854030652
2026-01-20,0.9451158756705036,BUY,600036.SH,2,With_NLP,17,0.9451158756705036
2026-01-21,0.9331586134560235,HOLD,600036.SH,2,With_NLP,18,0.9331586134560235
2026-01-22,0.9236414891506766,BUY,600036.SH,2,With_NLP,19,0.9236414891506766
2026-01-23,0.915100587568905,BUY,600036.SH,2,With_NLP,20,0.915100587568905
2026-01-26,0.9277899935538553,BUY,600036.SH,2,With_NLP,21,0.9277899935538553
2026-01-27,0.9297421597344693,BUY,600036.SH,2,With_NLP,22,0.9297421597344693
2026-01-28,0.9224213736516871,BUY,600036.SH,2,With_NLP,23,0.9224213736516871
2026-01-29,0.9402353205857004,BUY,600036.SH,2,With_NLP,24,0.9402353205857004
2026-01-30,0.9436516812184089,HOLD,600036.SH,2,With_NLP,25,0.9436516812184089
2026-02-02,0.9382831544050864,HOLD,600036.SH,2,With_NLP,26,0.9382831544050864
2026-02-03,0.9346227148192725,HOLD,600036.SH,2,With_NLP,27,0.9346227148192725
2026-02-04,0.9519485969359208,HOLD,600036.SH,2,With_NLP,28,0.9519485969359208
2026-02-05,0.9690304931883095,HOLD,600036.SH,2,With_NLP,29,0.9690304931883095
2026-02-06,0.9663461832372254,HOLD,600036.SH,2,With_NLP,30,0.9663461832372254
2026-02-09,0.9634178874218817,HOLD,600036.SH,2,With_NLP,31,0.9634178874218817
2026-02-10,0.960001526789173,HOLD,600036.SH,2,With_NLP,32,0.960001526789173
2026-02-11,0.9614657212412677,HOLD,600036.SH,2,With_NLP,33,0.9614657212412677
2026-02-12,0.9514606252074015,HOLD,600036.SH,2,With_NLP,34,0.9514606252074015
2026-02-13,0.9446278108531387,HOLD,600036.SH,2,With_NLP,35,0.9446278108531387
2026-02-24,0.9502404166195665,HOLD,600036.SH,2,With_NLP,36,0.9502404166195665
2026-02-25,0.946335991169493,HOLD,600036.SH,2,With_NLP,37,0.946335991169493
2026-02-26,0.9443838249888791,HOLD,600036.SH,2,With_NLP,38,0.9443838249888791
2026-02-27,0.9456039404878684,HOLD,600036.SH,2,With_NLP,39,0.9456039404878684
2026-03-02,0.9436516812184089,BUY,600036.SH,2,With_NLP,40,0.9436516812184089
2025-12-24,1.0,START,600519.SH,2,With_NLP,0,1.0
2025-12-25,1.008463023256969,BUY,600519.SH,2,With_NLP,1,1.008463023256969
2025-12-26,1.007454560233712,SELL,600519.SH,2,With_NLP,2,1.007454560233712
2025-12-29,0.997814088720328,BUY,600519.SH,2,With_NLP,3,0.997814088720328
2025-12-30,0.9890742982479169,BUY,600519.SH,2,With_NLP,4,0.9890742982479169
2025-12-31,0.980149543721392,BUY,600519.SH,2,With_NLP,5,0.980149543721392
2026-01-05,1.0148950716941425,BUY,600519.SH,2,With_NLP,6,1.0148950716941425
2026-01-06,1.0163256109684693,BUY,600519.SH,2,With_NLP,7,1.0163256109684693
2026-01-07,1.0153092853575008,SELL,600519.SH,2,With_NLP,8,1.0153092853575008
2026-01-08,1.0153092853575008,SELL,600519.SH,2,With_NLP,9,1.0153092853575008
2026-01-09,1.01917758756384,BUY,600519.SH,2,With_NLP,10,1.01917758756384
2026-01-12,1.0221436988213317,HOLD,600519.SH,2,With_NLP,11,1.0221436988213317
2026-01-13,1.0211215551225103,SELL,600519.SH,2,With_NLP,12,1.0211215551225103
2026-01-14,1.0107091545665925,BUY,600519.SH,2,With_NLP,13,1.0107091545665925
2026-01-15,1.004115737859877,BUY,600519.SH,2,With_NLP,14,1.004115737859877
2026-01-16,0.9991345139547341,BUY,600519.SH,2,With_NLP,15,0.9991345139547341
2026-01-19,0.9947967374831506,BUY,600519.SH,2,With_NLP,16,0.9947967374831506
2026-01-20,0.9930255140581693,BUY,600519.SH,2,With_NLP,17,0.9930255140581693
2026-01-21,0.9767660889773668,BUY,600519.SH,2,With_NLP,18,0.9767660889773668
2026-01-22,0.9688134987794638,BUY,600519.SH,2,With_NLP,19,0.9688134987794638
2026-01-23,0.9666011904178579,BUY,600519.SH,2,With_NLP,20,0.9666011904178579
2026-01-26,0.9702160041441774,BUY,600519.SH,2,With_NLP,21,0.9702160041441774
2026-01-27,0.9709462035770771,BUY,600519.SH,2,With_NLP,22,0.9709462035770771
2026-01-28,0.9569785139172967,BUY,600519.SH,2,With_NLP,23,0.9569785139172967
2026-01-29,1.0394179769402905,BUY,600519.SH,2,With_NLP,24,1.0394179769402905
2026-01-30,1.0128708061147484,BUY,600519.SH,2,With_NLP,25,1.0128708061147484
2026-02-02,1.0316678374916104,BUY,600519.SH,2,With_NLP,26,1.0316678374916104
2026-02-03,1.0306361696541189,SELL,600519.SH,2,With_NLP,27,1.0306361696541189
2026-02-04,1.0306361696541189,SELL,600519.SH,2,With_NLP,28,1.0306361696541189
2026-02-05,1.049860068569405,BUY,600519.SH,2,With_NLP,29,1.049860068569405
2026-02-06,1.0488102085008357,SELL,600519.SH,2,With_NLP,30,1.0488102085008357
2026-02-09,1.0488102085008357,SELL,600519.SH,2,With_NLP,31,1.0488102085008357
2026-02-10,1.0488102085008357,SELL,600519.SH,2,With_NLP,32,1.0488102085008357
2026-02-11,1.0488102085008357,SELL,600519.SH,2,With_NLP,33,1.0488102085008357
2026-02-12,1.0488102085008357,SELL,600519.SH,2,With_NLP,34,1.0488102085008357
2026-02-13,1.0488102085008357,SELL,600519.SH,2,With_NLP,35,1.0488102085008357
2026-02-24,1.0488102085008357,SELL,600519.SH,2,With_NLP,36,1.0488102085008357
2026-02-25,1.0488102085008357,SELL,600519.SH,2,With_NLP,37,1.0488102085008357
2026-02-26,1.0488102085008357,SELL,600519.SH,2,With_NLP,38,1.0488102085008357
2026-02-27,1.0397650069384492,BUY,600519.SH,2,With_NLP,39,1.0397650069384492
2026-03-02,1.0291102175993376,BUY,600519.SH,2,With_NLP,40,1.0291102175993376
2025-12-25,1.0,START,000001.SZ,2,Without_NLP,0,1.0
2025-12-26,0.9972715868009828,BUY,000001.SZ,2,Without_NLP,1,0.9972715868009828
2025-12-29,0.9989999999999999,BUY,000001.SZ,2,Without_NLP,2,0.9989999999999999
2025-12-30,0.9920864296192091,BUY,000001.SZ,2,Without_NLP,3,0.9920864296192091
2025-12-31,0.9860371482532044,BUY,000001.SZ,2,Without_NLP,4,0.9860371482532044
2026-01-05,0.9938148428182262,BUY,000001.SZ,2,Without_NLP,5,0.9938148428182262
2026-01-06,1.0085060253487614,HOLD,000001.SZ,2,Without_NLP,6,1.0085060253487614
2026-01-07,1.0059134879655132,BUY,000001.SZ,2,Without_NLP,7,1.0059134879655132
2026-01-08,0.9946790494177348,BUY,000001.SZ,2,Without_NLP,8,0.9946790494177348
2026-01-09,0.9903580988354695,BUY,000001.SZ,2,Without_NLP,9,0.9903580988354695
2026-01-12,0.9920864296192091,HOLD,000001.SZ,2,Without_NLP,10,0.9920864296192091
2026-01-13,0.9912223054349781,HOLD,000001.SZ,2,Without_NLP,11,0.9912223054349781
2026-01-14,0.9817161976709392,HOLD,000001.SZ,2,Without_NLP,12,0.9817161976709392
2026-01-15,0.9773953295039516,BUY,000001.SZ,2,Without_NLP,13,0.9773953295039516
2026-01-16,0.9670250151404042,HOLD,000001.SZ,2,Without_NLP,14,0.9670250151404042
2026-01-19,0.9609757337743994,BUY,000001.SZ,2,Without_NLP,15,0.9609757337743994
2026-01-20,0.964432477757156,BUY,000001.SZ,2,Without_NLP,16,0.964432477757156
2026-01-21,0.9566547831921342,HOLD,000001.SZ,2,Without_NLP,17,0.9566547831921342
2026-01-22,0.9566547831921342,BUY,000001.SZ,2,Without_NLP,18,0.9566547831921342
2026-01-23,0.9497412952266209,HOLD,000001.SZ,2,Without_NLP,19,0.9497412952266209
2026-01-26,0.9471487578433728,BUY,000001.SZ,2,Without_NLP,20,0.9471487578433728
2026-01-27,0.9454203446443558,BUY,000001.SZ,2,Without_NLP,21,0.9454203446443558
2026-01-28,0.9367785258951029,BUY,000001.SZ,2,Without_NLP,22,0.9367785258951029
2026-01-29,0.9471487578433728,BUY,000001.SZ,2,Without_NLP,23,0.9471487578433728
2026-01-30,0.9359143192955943,HOLD,000001.SZ,2,Without_NLP,24,0.9359143192955943
2026-02-02,0.9385068566788425,BUY,000001.SZ,2,Without_NLP,25,0.9385068566788425
2026-02-03,0.9367785258951029,BUY,000001.SZ,2,Without_NLP,26,0.9367785258951029
2026-02-04,0.9480129644428813,BUY,000001.SZ,2,Without_NLP,27,0.9480129644428813
2026-02-05,0.9583831963911512,HOLD,000001.SZ,2,Without_NLP,28,0.9583831963911512
2026-02-06,0.9549264524083946,HOLD,000001.SZ,2,Without_NLP,29,0.9549264524083946
2026-02-09,0.9566547831921342,HOLD,000001.SZ,2,Without_NLP,30,0.9566547831921342
2026-02-10,0.9557906590079032,HOLD,000001.SZ,2,Without_NLP,31,0.9557906590079032
2026-02-11,0.9566547831921342,HOLD,000001.SZ,2,Without_NLP,32,0.9566547831921342
2026-02-12,0.9471487578433728,HOLD,000001.SZ,2,Without_NLP,33,0.9471487578433728
2026-02-13,0.9428278072611076,HOLD,000001.SZ,2,Without_NLP,34,0.9428278072611076
2026-02-24,0.9428278072611076,HOLD,000001.SZ,2,Without_NLP,35,0.9428278072611076
2026-02-25,0.9385068566788425,HOLD,000001.SZ,2,Without_NLP,36,0.9385068566788425
2026-02-26,0.939371063278351,HOLD,000001.SZ,2,Without_NLP,37,0.939371063278351
2026-02-27,0.9419636006615991,HOLD,000001.SZ,2,Without_NLP,38,0.9419636006615991
2026-03-02,0.9376427324946114,HOLD,000001.SZ,2,Without_NLP,39,0.9376427324946114
2026-03-03,0.9402352698778595,HOLD,000001.SZ,2,Without_NLP,40,0.9402352698778595
2026-03-04,0.9255440873473244,HOLD,000001.SZ,2,Without_NLP,41,0.9255440873473244
2025-12-24,1.0,START,600036.SH,2,Without_NLP,0,1.0
2025-12-25,0.9978058081157202,BUY,600036.SH,2,Without_NLP,1,0.9978058081157202
2025-12-26,0.9958952650881621,HOLD,600036.SH,2,Without_NLP,2,0.9958952650881621
2025-12-29,0.9999552259617541,HOLD,600036.SH,2,Without_NLP,3,0.9999552259617541
2025-12-30,1.00974699812612,HOLD,600036.SH,2,Without_NLP,4,1.00974699812612
2025-12-31,1.005448162434052,HOLD,600036.SH,2,Without_NLP,5,1.005448162434052
2026-01-05,1.0114187574392521,HOLD,600036.SH,2,Without_NLP,6,1.0114187574392521
2026-01-06,1.02049408735629,HOLD,600036.SH,2,Without_NLP,7,1.02049408735629
2026-01-07,1.006642354318332,HOLD,600036.SH,2,Without_NLP,8,1.006642354318332
2026-01-08,0.9930294049948001,HOLD,600036.SH,2,Without_NLP,9,0.9930294049948001
2026-01-09,0.9863422766382223,HOLD,600036.SH,2,Without_NLP,10,0.9863422766382223
2026-01-12,0.9820434409461544,HOLD,600036.SH,2,Without_NLP,11,0.9820434409461544
2026-01-13,0.9822823157646302,HOLD,600036.SH,2,Without_NLP,12,0.9822823157646302
2026-01-14,0.9569669601451245,HOLD,600036.SH,2,Without_NLP,13,0.9569669601451245
2026-01-15,0.9579222772109284,HOLD,600036.SH,2,Without_NLP,14,0.9579222772109284
2026-01-16,0.9247257835586646,HOLD,600036.SH,2,Without_NLP,15,0.9247257835586646
2026-01-19,0.9206657315810228,HOLD,600036.SH,2,Without_NLP,16,0.9206657315810228
2026-01-20,0.9249645672730907,HOLD,600036.SH,2,Without_NLP,17,0.9249645672730907
2026-01-21,0.9132622520811667,HOLD,600036.SH,2,Without_NLP,18,0.9132622520811667
2026-01-22,0.9039480473456529,HOLD,600036.SH,2,Without_NLP,19,0.9039480473456529
2026-01-23,0.895589250779993,HOLD,600036.SH,2,Without_NLP,20,0.895589250779993
2026-01-26,0.9080080993232948,HOLD,600036.SH,2,Without_NLP,21,0.9080080993232948
2026-01-27,0.909918642350853,BUY,600036.SH,2,Without_NLP,22,0.909918642350853
2026-01-28,0.902753946565423,HOLD,600036.SH,2,Without_NLP,23,0.902753946565423
2026-01-29,0.9201880730481208,HOLD,600036.SH,2,Without_NLP,24,0.9201880730481208
2026-01-30,0.9235315916743848,HOLD,600036.SH,2,Without_NLP,25,0.9235315916743848
2026-02-02,0.9182775300205627,HOLD,600036.SH,2,Without_NLP,26,0.9182775300205627
2026-02-03,0.9146951365758228,HOLD,600036.SH,2,Without_NLP,27,0.9146951365758228
2026-02-04,0.9316516045256188,HOLD,600036.SH,2,Without_NLP,28,0.9316516045256188
2026-02-05,0.9483692887609886,BUY,600036.SH,2,Without_NLP,29,0.9483692887609886
2026-02-06,0.9457422123820526,HOLD,600036.SH,2,Without_NLP,30,0.9457422123820526
2026-02-09,0.9428763522886906,HOLD,600036.SH,2,Without_NLP,31,0.9428763522886906
2026-02-10,0.9395328336624266,HOLD,600036.SH,2,Without_NLP,32,0.9395328336624266
2026-02-11,0.9409658092611325,HOLD,600036.SH,2,Without_NLP,33,0.9409658092611325
2026-02-12,0.9311740370967665,HOLD,600036.SH,2,Without_NLP,34,0.9311740370967665
2026-02-13,0.9244869087401888,HOLD,600036.SH,2,Without_NLP,35,0.9244869087401888
2026-02-24,0.9299798452124868,HOLD,600036.SH,2,Without_NLP,36,0.9299798452124868
2026-02-25,0.9261586680533208,HOLD,600036.SH,2,Without_NLP,37,0.9261586680533208
2026-02-26,0.9242481250257627,HOLD,600036.SH,2,Without_NLP,38,0.9242481250257627
2026-02-27,0.9254422258059927,HOLD,600036.SH,2,Without_NLP,39,0.9254422258059927
2026-03-02,0.9235315916743848,HOLD,600036.SH,2,Without_NLP,40,0.9235315916743848
2025-12-24,1.0,START,600519.SH,2,Without_NLP,0,1.0
2025-12-25,1.008463023256969,BUY,600519.SH,2,Without_NLP,1,1.008463023256969
2025-12-26,1.0084344708815387,BUY,600519.SH,2,Without_NLP,2,1.0084344708815387
2025-12-29,0.9997844068750096,BUY,600519.SH,2,Without_NLP,3,0.9997844068750096
2025-12-30,0.9910273585105418,BUY,600519.SH,2,Without_NLP,4,0.9910273585105418
2025-12-31,0.9820849808555517,BUY,600519.SH,2,Without_NLP,5,0.9820849808555517
2026-01-05,1.0168991185476204,BUY,600519.SH,2,Without_NLP,6,1.0168991185476204
2026-01-06,1.0183324826141955,BUY,600519.SH,2,Without_NLP,7,1.0183324826141955
2026-01-07,1.0173141501315812,SELL,600519.SH,2,Without_NLP,8,1.0173141501315812
2026-01-08,1.0173141501315812,HOLD,600519.SH,2,Without_NLP,9,1.0173141501315812
2026-01-09,1.0173141501315812,HOLD,600519.SH,2,Without_NLP,10,1.0173141501315812
2026-01-12,1.0173141501315812,HOLD,600519.SH,2,Without_NLP,11,1.0173141501315812
2026-01-13,1.0173141501315812,SELL,600519.SH,2,Without_NLP,12,1.0173141501315812
2026-01-14,1.0173141501315812,HOLD,600519.SH,2,Without_NLP,13,1.0173141501315812
2026-01-15,1.0096669677279901,BUY,600519.SH,2,Without_NLP,14,1.0096669677279901
2026-01-16,1.0046582052454904,BUY,600519.SH,2,Without_NLP,15,1.0046582052454904
2026-01-19,1.0002964474803147,BUY,600519.SH,2,Without_NLP,16,1.0002964474803147
2026-01-20,0.9985154318889435,BUY,600519.SH,2,Without_NLP,17,0.9985154318889435
2026-01-21,0.9821661169650246,BUY,600519.SH,2,Without_NLP,18,0.9821661169650246
2026-01-22,0.9741695610622024,BUY,600519.SH,2,Without_NLP,19,0.9741695610622024
2026-01-23,0.9719450220066721,BUY,600519.SH,2,Without_NLP,20,0.9719450220066721
2026-01-26,0.9755798201443185,BUY,600519.SH,2,Without_NLP,21,0.9755798201443185
2026-01-27,0.9763140564673383,BUY,600519.SH,2,Without_NLP,22,0.9763140564673383
2026-01-28,0.9622691467689665,BUY,600519.SH,2,Without_NLP,23,0.9622691467689665
2026-01-29,1.0451643743937777,BUY,600519.SH,2,Without_NLP,24,1.0451643743937777
2026-01-30,1.0184704381685472,BUY,600519.SH,2,Without_NLP,25,1.0184704381685472
2026-02-02,1.0174519677303786,SELL,600519.SH,2,Without_NLP,26,1.0174519677303786
2026-02-03,1.0174519677303786,HOLD,600519.SH,2,Without_NLP,27,1.0174519677303786
2026-02-04,1.0174519677303786,HOLD,600519.SH,2,Without_NLP,28,1.0174519677303786
2026-02-05,1.0174519677303786,HOLD,600519.SH,2,Without_NLP,29,1.0174519677303786
2026-02-06,0.9902948332165196,BUY,600519.SH,2,Without_NLP,30,0.9902948332165196
2026-02-09,0.989304538383303,SELL,600519.SH,2,Without_NLP,31,0.989304538383303
2026-02-10,0.9752497444150063,BUY,600519.SH,2,Without_NLP,32,0.9752497444150063
2026-02-11,0.974945080777134,BUY,600519.SH,2,Without_NLP,33,0.974945080777134
2026-02-12,0.9634544120108105,BUY,600519.SH,2,Without_NLP,34,0.9634544120108105
2026-02-13,0.9626119391259231,BUY,600519.SH,2,Without_NLP,35,0.9626119391259231
2026-02-24,0.9506222264157673,BUY,600519.SH,2,Without_NLP,36,0.9506222264157673
2026-02-25,0.9667337984343574,BUY,600519.SH,2,Without_NLP,37,0.9667337984343574
2026-02-26,0.9502397948329384,BUY,600519.SH,2,Without_NLP,38,0.9502397948329384
2026-02-27,0.942987676848916,BUY,600519.SH,2,Without_NLP,39,0.942987676848916
2026-03-02,0.9333245943455076,BUY,600519.SH,2,Without_NLP,40,0.9333245943455076
2025-12-25,1.0,BUY,000001.SZ,2,Buy_and_Hold,0,1.0
2025-12-26,0.9972716262975777,HOLD,000001.SZ,2,Buy_and_Hold,1,0.9972716262975777
2025-12-29,0.999,HOLD,000001.SZ,2,Buy_and_Hold,2,0.999
2025-12-30,0.9920865051903114,HOLD,000001.SZ,2,Buy_and_Hold,3,0.9920865051903114
2025-12-31,0.9860371972318338,HOLD,000001.SZ,2,Buy_and_Hold,4,0.9860371972318338
2026-01-05,0.9938148788927335,HOLD,000001.SZ,2,Buy_and_Hold,5,0.9938148788927335
2026-01-06,1.0085060553633216,HOLD,000001.SZ,2,Buy_and_Hold,6,1.0085060553633216
2026-01-07,1.0059134948096886,HOLD,000001.SZ,2,Buy_and_Hold,7,1.0059134948096886
2026-01-08,0.9946790657439445,HOLD,000001.SZ,2,Buy_and_Hold,8,0.9946790657439445
2026-01-09,0.9903581314878892,HOLD,000001.SZ,2,Buy_and_Hold,9,0.9903581314878892
2026-01-12,0.9920865051903114,HOLD,000001.SZ,2,Buy_and_Hold,10,0.9920865051903114
2026-01-13,0.9912223183391004,HOLD,000001.SZ,2,Buy_and_Hold,11,0.9912223183391004
2026-01-14,0.9817162629757784,HOLD,000001.SZ,2,Buy_and_Hold,12,0.9817162629757784
2026-01-15,0.9773953287197231,HOLD,000001.SZ,2,Buy_and_Hold,13,0.9773953287197231
2026-01-16,0.9670250865051901,HOLD,000001.SZ,2,Buy_and_Hold,14,0.9670250865051901
2026-01-19,0.9609757785467127,HOLD,000001.SZ,2,Buy_and_Hold,15,0.9609757785467127
2026-01-20,0.964432525951557,HOLD,000001.SZ,2,Buy_and_Hold,16,0.964432525951557
2026-01-21,0.9566548442906574,HOLD,000001.SZ,2,Buy_and_Hold,17,0.9566548442906574
2026-01-22,0.9566548442906574,HOLD,000001.SZ,2,Buy_and_Hold,18,0.9566548442906574
2026-01-23,0.9497413494809688,HOLD,000001.SZ,2,Buy_and_Hold,19,0.9497413494809688
2026-01-26,0.9471487889273357,HOLD,000001.SZ,2,Buy_and_Hold,20,0.9471487889273357
2026-01-27,0.9454204152249134,HOLD,000001.SZ,2,Buy_and_Hold,21,0.9454204152249134
2026-01-28,0.9367785467128027,HOLD,000001.SZ,2,Buy_and_Hold,22,0.9367785467128027
2026-01-29,0.9471487889273357,HOLD,000001.SZ,2,Buy_and_Hold,23,0.9471487889273357
2026-01-30,0.9359143598615917,HOLD,000001.SZ,2,Buy_and_Hold,24,0.9359143598615917
2026-02-02,0.9385069204152248,HOLD,000001.SZ,2,Buy_and_Hold,25,0.9385069204152248
2026-02-03,0.9367785467128027,HOLD,000001.SZ,2,Buy_and_Hold,26,0.9367785467128027
2026-02-04,0.9480129757785467,HOLD,000001.SZ,2,Buy_and_Hold,27,0.9480129757785467
2026-02-05,0.9583832179930795,HOLD,000001.SZ,2,Buy_and_Hold,28,0.9583832179930795
2026-02-06,0.9549264705882352,HOLD,000001.SZ,2,Buy_and_Hold,29,0.9549264705882352
2026-02-09,0.9566548442906574,HOLD,000001.SZ,2,Buy_and_Hold,30,0.9566548442906574
2026-02-10,0.9557906574394464,HOLD,000001.SZ,2,Buy_and_Hold,31,0.9557906574394464
2026-02-11,0.9566548442906574,HOLD,000001.SZ,2,Buy_and_Hold,32,0.9566548442906574
2026-02-12,0.9471487889273357,HOLD,000001.SZ,2,Buy_and_Hold,33,0.9471487889273357
2026-02-13,0.9428278546712802,HOLD,000001.SZ,2,Buy_and_Hold,34,0.9428278546712802
2026-02-24,0.9428278546712802,HOLD,000001.SZ,2,Buy_and_Hold,35,0.9428278546712802
2026-02-25,0.9385069204152248,HOLD,000001.SZ,2,Buy_and_Hold,36,0.9385069204152248
2026-02-26,0.9393711072664358,HOLD,000001.SZ,2,Buy_and_Hold,37,0.9393711072664358
2026-02-27,0.9419636678200691,HOLD,000001.SZ,2,Buy_and_Hold,38,0.9419636678200691
2026-03-02,0.9376427335640137,HOLD,000001.SZ,2,Buy_and_Hold,39,0.9376427335640137
2026-03-03,0.9402352941176471,HOLD,000001.SZ,2,Buy_and_Hold,40,0.9402352941176471
2026-03-04,0.9255441176470588,HOLD,000001.SZ,2,Buy_and_Hold,41,0.9255441176470588
2025-12-24,1.0,BUY,600036.SH,2,Buy_and_Hold,0,1.0
2025-12-25,0.997805880946689,HOLD,600036.SH,2,Buy_and_Hold,1,0.997805880946689
2025-12-26,0.9958952904613914,HOLD,600036.SH,2,Buy_and_Hold,2,0.9958952904613914
2025-12-29,0.9999552952426487,HOLD,600036.SH,2,Buy_and_Hold,3,0.9999552952426487
2025-12-30,1.0097470714797991,HOLD,600036.SH,2,Buy_and_Hold,4,1.0097470714797991
2025-12-31,1.0054482428878795,HOLD,600036.SH,2,Buy_and_Hold,5,1.0054482428878795
2026-01-05,1.0114188381544347,HOLD,600036.SH,2,Buy_and_Hold,6,1.0114188381544347
2026-01-06,1.0204941429595984,HOLD,600036.SH,2,Buy_and_Hold,7,1.0204941429595984
2026-01-07,1.0066423619411904,HOLD,600036.SH,2,Buy_and_Hold,8,1.0066423619411904
2026-01-08,0.9930294047334448,HOLD,600036.SH,2,Buy_and_Hold,9,0.9930294047334448
2026-01-09,0.9863423380349031,HOLD,600036.SH,2,Buy_and_Hold,10,0.9863423380349031
2026-01-12,0.9820435094429835,HOLD,600036.SH,2,Buy_and_Hold,11,0.9820435094429835
2026-01-13,0.9822823332536458,HOLD,600036.SH,2,Buy_and_Hold,12,0.9822823332536458
2026-01-14,0.956967009323452,HOLD,600036.SH,2,Buy_and_Hold,13,0.956967009323452
2026-01-15,0.9579223045661008,HOLD,600036.SH,2,Buy_and_Hold,14,0.9579223045661008
2026-01-16,0.9247257948840545,HOLD,600036.SH,2,Buy_and_Hold,15,0.9247257948840545
2026-01-19,0.9206657901027969,HOLD,600036.SH,2,Buy_and_Hold,16,0.9206657901027969
2026-01-20,0.9249646186947166,HOLD,600036.SH,2,Buy_and_Hold,17,0.9249646186947166
2026-01-21,0.9132622519722687,HOLD,600036.SH,2,Buy_and_Hold,18,0.9132622519722687
2026-01-22,0.9039481233564428,HOLD,600036.SH,2,Buy_and_Hold,19,0.9039481233564428
2026-01-23,0.8955892899832656,HOLD,600036.SH,2,Buy_and_Hold,20,0.8955892899832656
2026-01-26,0.9080081281377003,HOLD,600036.SH,2,Buy_and_Hold,21,0.9080081281377003
2026-01-27,0.9099187186229979,HOLD,600036.SH,2,Buy_and_Hold,22,0.9099187186229979
2026-01-28,0.9027540043031317,HOLD,600036.SH,2,Buy_and_Hold,23,0.9027540043031317
2026-01-29,0.9201881424814726,HOLD,600036.SH,2,Buy_and_Hold,24,0.9201881424814726
2026-01-30,0.9235316758307435,HOLD,600036.SH,2,Buy_and_Hold,25,0.9235316758307435
2026-02-02,0.918277551996175,HOLD,600036.SH,2,Buy_and_Hold,26,0.918277551996175
2026-02-03,0.9146951948362418,HOLD,600036.SH,2,Buy_and_Hold,27,0.9146951948362418
2026-02-04,0.9316516853932584,HOLD,600036.SH,2,Buy_and_Hold,28,0.9316516853932584
2026-02-05,0.9483693521396127,HOLD,600036.SH,2,Buy_and_Hold,29,0.9483693521396127
2026-02-06,0.9457422902223285,HOLD,600036.SH,2,Buy_and_Hold,30,0.9457422902223285
2026-02-09,0.9428764044943819,HOLD,600036.SH,2,Buy_and_Hold,31,0.9428764044943819
2026-02-10,0.9395328711451112,HOLD,600036.SH,2,Buy_and_Hold,32,0.9395328711451112
2026-02-11,0.9409658140090843,HOLD,600036.SH,2,Buy_and_Hold,33,0.9409658140090843
2026-02-12,0.9311740377719341,HOLD,600036.SH,2,Buy_and_Hold,34,0.9311740377719341
2026-02-13,0.9244869710733923,HOLD,600036.SH,2,Buy_and_Hold,35,0.9244869710733923
2026-02-24,0.929979918718623,HOLD,600036.SH,2,Buy_and_Hold,36,0.929979918718623
2026-02-25,0.9261587377480277,HOLD,600036.SH,2,Buy_and_Hold,37,0.9261587377480277
2026-02-26,0.9242481472627302,HOLD,600036.SH,2,Buy_and_Hold,38,0.9242481472627302
2026-02-27,0.9254422663160411,HOLD,600036.SH,2,Buy_and_Hold,39,0.9254422663160411
2026-03-02,0.9235316758307435,HOLD,600036.SH,2,Buy_and_Hold,40,0.9235316758307435
2025-12-24,1.0,BUY,600519.SH,2,Buy_and_Hold,0,1.0
2025-12-25,1.008463009493897,HOLD,600519.SH,2,Buy_and_Hold,1,1.008463009493897
2025-12-26,1.0084344849739453,HOLD,600519.SH,2,Buy_and_Hold,2,1.0084344849739453
2025-12-29,0.9997844242986651,HOLD,600519.SH,2,Buy_and_Hold,3,0.9997844242986651
2025-12-30,0.991027396673567,HOLD,600519.SH,2,Buy_and_Hold,4,0.991027396673567
2025-12-31,0.9820849596687844,HOLD,600519.SH,2,Buy_and_Hold,5,0.9820849596687844
2026-01-05,1.016899136269541,HOLD,600519.SH,2,Buy_and_Hold,6,1.016899136269541
2026-01-06,1.0183324933971019,HOLD,600519.SH,2,Buy_and_Hold,7,1.0183324933971019
2026-01-07,1.0150165179527446,HOLD,600519.SH,2,Buy_and_Hold,8,1.0150165179527446
2026-01-08,1.007129488186166,HOLD,600519.SH,2,Buy_and_Hold,9,1.007129488186166
2026-01-09,1.011978656577914,HOLD,600519.SH,2,Buy_and_Hold,10,1.011978656577914
2026-01-12,1.0149238132629024,HOLD,600519.SH,2,Buy_and_Hold,11,1.0149238132629024
2026-01-13,1.0062024412877435,HOLD,600519.SH,2,Buy_and_Hold,12,1.0062024412877435
2026-01-14,0.996939103433507,HOLD,600519.SH,2,Buy_and_Hold,13,0.996939103433507
2026-01-15,0.9904355128845742,HOLD,600519.SH,2,Buy_and_Hold,14,0.9904355128845742
2026-01-16,0.9855221643229353,HOLD,600519.SH,2,Buy_and_Hold,15,0.9855221643229353
2026-01-19,0.9812434863302163,HOLD,600519.SH,2,Buy_and_Hold,16,0.9812434863302163
2026-01-20,0.9794963594831894,HOLD,600519.SH,2,Buy_and_Hold,17,0.9794963594831894
2026-01-21,0.9634584481404811,HOLD,600519.SH,2,Buy_and_Hold,18,0.9634584481404811
2026-01-22,0.9556142051538297,HOLD,600519.SH,2,Buy_and_Hold,19,0.9556142051538297
2026-01-23,0.953432079377543,HOLD,600519.SH,2,Buy_and_Hold,20,0.953432079377543
2026-01-26,0.9569976443714755,HOLD,600519.SH,2,Buy_and_Hold,21,0.9569976443714755
2026-01-27,0.9577178885002499,HOLD,600519.SH,2,Buy_and_Hold,22,0.9577178885002499
2026-01-28,0.9439405453636948,HOLD,600519.SH,2,Buy_and_Hold,23,0.9439405453636948
2026-01-29,1.0252568206153188,HOLD,600519.SH,2,Buy_and_Hold,24,1.0252568206153188
2026-01-30,0.9990713112998786,HOLD,600519.SH,2,Buy_and_Hold,25,0.9990713112998786
2026-02-02,1.0176122492683275,HOLD,600519.SH,2,Buy_and_Hold,26,1.0176122492683275
2026-02-03,1.0517846241701763,HOLD,600519.SH,2,Buy_and_Hold,27,1.0517846241701763
2026-02-04,1.0874973231494038,HOLD,600519.SH,2,Buy_and_Hold,28,1.0874973231494038
2026-02-05,1.1088907131129988,HOLD,600519.SH,2,Buy_and_Hold,29,1.1088907131129988
2026-02-06,1.0803733242915268,HOLD,600519.SH,2,Buy_and_Hold,30,1.0803733242915268
2026-02-09,1.0874687986294524,HOLD,600519.SH,2,Buy_and_Hold,31,1.0874687986294524
2026-02-10,1.0730924405739166,HOLD,600519.SH,2,Buy_and_Hold,32,1.0730924405739166
2026-02-11,1.0727572774644871,HOLD,600519.SH,2,Buy_and_Hold,33,1.0727572774644871
2026-02-12,1.0601137839960024,HOLD,600519.SH,2,Buy_and_Hold,34,1.0601137839960024
2026-02-13,1.05918673709758,HOLD,600519.SH,2,Buy_and_Hold,35,1.05918673709758
2026-02-24,1.04599414662003,HOLD,600519.SH,2,Buy_and_Hold,36,1.04599414662003
2026-02-25,1.0637221357698623,HOLD,600519.SH,2,Buy_and_Hold,37,1.0637221357698623
2026-02-26,1.0455734099507459,HOLD,600519.SH,2,Buy_and_Hold,38,1.0455734099507459
2026-02-27,1.0375936754943251,HOLD,600519.SH,2,Buy_and_Hold,39,1.0375936754943251
2026-03-02,1.0269611606824183,HOLD,600519.SH,2,Buy_and_Hold,40,1.0269611606824183
2026-03-05,1.0,START,000001.SZ,3,With_NLP,0,1.0
2026-03-06,1.0,SELL,000001.SZ,3,With_NLP,1,1.0
2026-03-09,0.9934603079328077,BUY,000001.SZ,3,With_NLP,2,0.9934603079328077
2026-03-10,0.9924668476248749,SELL,000001.SZ,3,With_NLP,3,0.9924668476248749
2026-03-11,0.9988118342221871,BUY,000001.SZ,3,With_NLP,4,0.9988118342221871
2026-03-12,0.9978130223879649,SELL,000001.SZ,3,With_NLP,5,0.9978130223879649
2026-03-13,0.9978130223879649,SELL,000001.SZ,3,With_NLP,6,0.9978130223879649
2026-03-16,0.9978130223879649,SELL,000001.SZ,3,With_NLP,7,0.9978130223879649
2026-03-17,0.9978130223879649,SELL,000001.SZ,3,With_NLP,8,0.9978130223879649
2026-03-18,0.9978130223879649,HOLD,000001.SZ,3,With_NLP,9,0.9978130223879649
2026-03-19,0.9978130223879649,SELL,000001.SZ,3,With_NLP,10,0.9978130223879649
2026-03-20,0.9978130223879649,SELL,000001.SZ,3,With_NLP,11,0.9978130223879649
2026-03-23,0.9978130223879649,SELL,000001.SZ,3,With_NLP,12,0.9978130223879649
2026-03-24,1.0378325157822743,BUY,000001.SZ,3,With_NLP,13,1.0378325157822743
2026-03-25,1.036794683266492,SELL,000001.SZ,3,With_NLP,14,1.036794683266492
2026-03-26,1.036794683266492,SELL,000001.SZ,3,With_NLP,15,1.036794683266492
2026-03-27,1.036794683266492,SELL,000001.SZ,3,With_NLP,16,1.036794683266492
2026-03-30,1.036794683266492,SELL,000001.SZ,3,With_NLP,17,1.036794683266492
2026-03-31,1.0442399968596587,BUY,000001.SZ,3,With_NLP,18,1.0442399968596587
2026-04-01,1.0508371522393287,HOLD,000001.SZ,3,With_NLP,19,1.0508371522393287
2026-04-02,1.0621466898609073,HOLD,000001.SZ,3,With_NLP,20,1.0621466898609073
2026-04-03,1.0480098127736845,HOLD,000001.SZ,3,With_NLP,21,1.0480098127736845
2026-04-07,1.0395277044972513,HOLD,000001.SZ,3,With_NLP,22,1.0395277044972513
2026-04-08,1.0574343974984997,HOLD,000001.SZ,3,With_NLP,23,1.0574343974984997
2026-04-09,1.0461249497564222,HOLD,000001.SZ,3,With_NLP,24,1.0461249497564222
2026-04-10,1.0451824733080406,HOLD,000001.SZ,3,With_NLP,25,1.0451824733080406
2026-04-13,1.043297520411277,HOLD,000001.SZ,3,With_NLP,26,1.043297520411277
2026-04-14,1.0527221051360922,HOLD,000001.SZ,3,With_NLP,27,1.0527221051360922
2026-04-15,1.051669383030956,SELL,000001.SZ,3,With_NLP,28,1.051669383030956
2026-04-16,1.03937114763766,BUY,000001.SZ,3,With_NLP,29,1.03937114763766
2026-04-17,1.0318734369641498,HOLD,000001.SZ,3,With_NLP,30,1.0318734369641498
2026-04-20,1.0308415635271857,SELL,000001.SZ,3,With_NLP,31,1.0308415635271857
2026-04-21,1.0316729012551389,BUY,000001.SZ,3,With_NLP,32,1.0316729012551389
2026-04-22,1.0306412283538837,SELL,000001.SZ,3,With_NLP,33,1.0306412283538837
2026-04-23,1.0306412283538837,SELL,000001.SZ,3,With_NLP,34,1.0306412283538837
2026-04-24,1.0306412283538837,SELL,000001.SZ,3,With_NLP,35,1.0306412283538837
2026-04-27,1.0651789635743738,BUY,000001.SZ,3,With_NLP,36,1.0651789635743738
2026-04-28,1.0726670334304635,HOLD,000001.SZ,3,With_NLP,37,1.0726670334304635
2026-04-29,1.078283130454948,HOLD,000001.SZ,3,With_NLP,38,1.078283130454948
2026-04-30,1.0754750373102888,BUY,000001.SZ,3,With_NLP,39,1.0754750373102888
2026-05-06,1.0633069014779344,BUY,000001.SZ,3,With_NLP,40,1.0633069014779344
2026-05-07,1.0595628665498895,BUY,000001.SZ,3,With_NLP,41,1.0595628665498895
2026-03-03,1.0,START,600036.SH,3,With_NLP,0,1.0
2026-03-04,0.9842112857399062,BUY,600036.SH,3,With_NLP,1,0.9842112857399062
2026-03-05,0.9982351000437941,BUY,600036.SH,3,With_NLP,2,0.9982351000437941
2026-03-06,0.9995099657261429,BUY,600036.SH,3,With_NLP,3,0.9995099657261429
2026-03-09,0.9890559115052554,BUY,600036.SH,3,With_NLP,4,0.9890559115052554
2026-03-10,1.0000199314522857,BUY,600036.SH,3,With_NLP,5,1.0000199314522857
2026-03-11,1.0071592570862529,BUY,600036.SH,3,With_NLP,6,1.0071592570862529
2026-03-12,1.0071592570862529,BUY,600036.SH,3,With_NLP,7,1.0071592570862529
2026-03-13,1.0061520978291667,SELL,600036.SH,3,With_NLP,8,1.0061520978291667
2026-03-16,1.0061520978291667,SELL,600036.SH,3,With_NLP,9,1.0061520978291667
2026-03-17,1.0061520978291667,SELL,600036.SH,3,With_NLP,10,1.0061520978291667
2026-03-18,1.0061520978291667,SELL,600036.SH,3,With_NLP,11,1.0061520978291667
2026-03-19,1.0061520978291667,SELL,600036.SH,3,With_NLP,12,1.0061520978291667
2026-03-20,1.0046404546877739,BUY,600036.SH,3,With_NLP,13,1.0046404546877739
2026-03-23,1.0036358142330861,SELL,600036.SH,3,With_NLP,14,1.0036358142330861
2026-03-24,1.0036358142330861,SELL,600036.SH,3,With_NLP,15,1.0036358142330861
2026-03-25,1.0036358142330861,SELL,600036.SH,3,With_NLP,16,1.0036358142330861
2026-03-26,1.010293735376976,BUY,600036.SH,3,With_NLP,17,1.010293735376976
2026-03-27,1.0072290736254295,BUY,600036.SH,3,With_NLP,18,1.0072290736254295
2026-03-30,1.006221844551804,SELL,600036.SH,3,With_NLP,19,1.006221844551804
2026-03-31,1.0011418043659583,BUY,600036.SH,3,With_NLP,20,1.0011418043659583
2026-04-01,1.0138724988234376,BUY,600036.SH,3,With_NLP,21,1.0138724988234376
2026-04-02,1.0128586263246142,SELL,600036.SH,3,With_NLP,22,1.0128586263246142
2026-04-03,1.0128586263246142,SELL,600036.SH,3,With_NLP,23,1.0128586263246142
2026-04-07,1.0013164125131533,BUY,600036.SH,3,With_NLP,24,1.0013164125131533
2026-04-08,1.0174956010879004,BUY,600036.SH,3,With_NLP,25,1.0174956010879004
2026-04-09,1.0164781054868124,SELL,600036.SH,3,With_NLP,26,1.0164781054868124
2026-04-10,1.0164781054868124,SELL,600036.SH,3,With_NLP,27,1.0164781054868124
2026-04-13,1.0095050929536378,BUY,600036.SH,3,With_NLP,28,1.0095050929536378
2026-04-14,1.0133898365684113,BUY,600036.SH,3,With_NLP,29,1.0133898365684113
2026-04-15,1.0333313294575224,BUY,600036.SH,3,With_NLP,30,1.0333313294575224
2026-04-16,1.0322979981280649,SELL,600036.SH,3,With_NLP,31,1.0322979981280649
2026-04-17,1.0322979981280649,HOLD,600036.SH,3,With_NLP,32,1.0322979981280649
2026-04-20,1.0403988331582283,BUY,600036.SH,3,With_NLP,33,1.0403988331582283
2026-04-21,1.0403988331582283,HOLD,600036.SH,3,With_NLP,34,1.0403988331582283
2026-04-22,1.0370065834869682,BUY,600036.SH,3,With_NLP,35,1.0370065834869682
2026-04-23,1.0388332100926265,BUY,600036.SH,3,With_NLP,36,1.0388332100926265
2026-04-24,1.037794376882534,SELL,600036.SH,3,With_NLP,37,1.037794376882534
2026-04-27,1.037794376882534,SELL,600036.SH,3,With_NLP,38,1.037794376882534
2026-04-28,1.037794376882534,SELL,600036.SH,3,With_NLP,39,1.037794376882534
2026-04-29,1.00795782738609,BUY,600036.SH,3,With_NLP,40,1.00795782738609
2026-04-30,1.0019362731291466,HOLD,600036.SH,3,With_NLP,41,1.0019362731291466
2026-05-06,0.9948674659914656,HOLD,600036.SH,3,With_NLP,42,0.9948674659914656
2026-03-03,1.0,START,600519.SH,3,With_NLP,0,1.0
2026-03-04,1.0,HOLD,600519.SH,3,With_NLP,1,1.0
2026-03-05,1.0,HOLD,600519.SH,3,With_NLP,2,1.0
2026-03-06,1.0,HOLD,600519.SH,3,With_NLP,3,1.0
2026-03-09,1.0,HOLD,600519.SH,3,With_NLP,4,1.0
2026-03-10,1.0,HOLD,600519.SH,3,With_NLP,5,1.0
2026-03-11,1.0,HOLD,600519.SH,3,With_NLP,6,1.0
2026-03-12,1.0,SELL,600519.SH,3,With_NLP,7,1.0
2026-03-13,1.0,SELL,600519.SH,3,With_NLP,8,1.0
2026-03-16,1.0318892069704182,BUY,600519.SH,3,With_NLP,9,1.0318892069704182
2026-03-17,1.0494291224268577,BUY,600519.SH,3,With_NLP,10,1.0494291224268577
2026-03-18,1.0379808392338215,BUY,600519.SH,3,With_NLP,11,1.0379808392338215
2026-03-19,1.0267232888728235,BUY,600519.SH,3,With_NLP,12,1.0267232888728235
2026-03-20,1.0211616713177167,HOLD,600519.SH,3,With_NLP,13,1.0211616713177167
2026-03-23,0.9950637091244198,BUY,600519.SH,3,With_NLP,14,0.9950637091244198
2026-03-24,0.9945407681801339,BUY,600519.SH,3,With_NLP,15,0.9945407681801339
2026-03-25,0.9935462274119538,SELL,600519.SH,3,With_NLP,16,0.9935462274119538
2026-03-26,0.9935462274119538,SELL,600519.SH,3,With_NLP,17,0.9935462274119538
2026-03-27,0.9935462274119538,SELL,600519.SH,3,With_NLP,18,0.9935462274119538
2026-03-30,0.9935462274119538,SELL,600519.SH,3,With_NLP,19,0.9935462274119538
2026-03-31,1.0135221040264688,BUY,600519.SH,3,With_NLP,20,1.0135221040264688
2026-04-01,1.0201204414581577,HOLD,600519.SH,3,With_NLP,21,1.0201204414581577
2026-04-02,1.0191003210166996,SELL,600519.SH,3,With_NLP,22,1.0191003210166996
2026-04-03,1.0181649020770123,BUY,600519.SH,3,With_NLP,23,1.0181649020770123
2026-04-07,1.0042313987499811,BUY,600519.SH,3,With_NLP,24,1.0042313987499811
2026-04-08,1.0216657292649984,BUY,600519.SH,3,With_NLP,25,1.0216657292649984
2026-04-09,1.0185066081448213,BUY,600519.SH,3,With_NLP,26,1.0185066081448213
2026-04-10,1.0139527405834428,BUY,600519.SH,3,With_NLP,27,1.0139527405834428
2026-04-13,1.0065257838868988,BUY,600519.SH,3,With_NLP,28,1.0065257838868988
2026-04-14,1.005519258103012,SELL,600519.SH,3,With_NLP,29,1.005519258103012
2026-04-15,1.0188153202581263,BUY,600519.SH,3,With_NLP,30,1.0188153202581263
2026-04-16,1.017796504937868,SELL,600519.SH,3,With_NLP,31,1.017796504937868
2026-04-17,0.9781327371127043,BUY,600519.SH,3,With_NLP,32,0.9781327371127043
2026-04-20,0.9806697659034087,BUY,600519.SH,3,With_NLP,33,0.9806697659034087
2026-04-21,0.9814482428491534,BUY,600519.SH,3,With_NLP,34,0.9814482428491534
2026-04-22,0.9797036060144502,BUY,600519.SH,3,With_NLP,35,0.9797036060144502
2026-04-23,0.9863067874668356,BUY,600519.SH,3,With_NLP,36,0.9863067874668356
2026-04-24,1.0137551633689943,HOLD,600519.SH,3,With_NLP,37,1.0137551633689943
2026-04-27,0.9753246201648714,BUY,600519.SH,3,With_NLP,38,0.9753246201648714
2026-04-28,0.976575783221215,HOLD,600519.SH,3,With_NLP,39,0.976575783221215
2026-04-29,0.9739136890334503,BUY,600519.SH,3,With_NLP,40,0.9739136890334503
2026-04-30,0.9625284106721692,HOLD,600519.SH,3,With_NLP,41,0.9625284106721692
2026-05-06,0.9557236312663135,HOLD,600519.SH,3,With_NLP,42,0.9557236312663135
2026-03-05,1.0,START,000001.SZ,3,Without_NLP,0,1.0
2026-03-06,0.9999240772936682,BUY,000001.SZ,3,Without_NLP,1,0.9999240772936682
2026-03-09,0.9989241532163745,SELL,000001.SZ,3,Without_NLP,2,0.9989241532163745
2026-03-10,1.002562445673838,BUY,000001.SZ,3,Without_NLP,3,1.002562445673838
2026-03-11,1.0015598832281642,SELL,000001.SZ,3,Without_NLP,4,1.0015598832281642
2026-03-12,1.005152184798072,BUY,000001.SZ,3,Without_NLP,5,1.005152184798072
2026-03-13,1.004147032613274,SELL,000001.SZ,3,Without_NLP,6,1.004147032613274
2026-03-16,1.00222507604938,BUY,000001.SZ,3,Without_NLP,7,1.00222507604938
2026-03-17,1.0012228509733307,SELL,000001.SZ,3,Without_NLP,8,1.0012228509733307
2026-03-18,1.0012228509733307,SELL,000001.SZ,3,Without_NLP,9,1.0012228509733307
2026-03-19,0.9929207473139242,BUY,000001.SZ,3,Without_NLP,10,0.9929207473139242
2026-03-20,0.9919278265666103,SELL,000001.SZ,3,Without_NLP,11,0.9919278265666103
2026-03-23,0.9614929909647977,BUY,000001.SZ,3,Without_NLP,12,0.9614929909647977
2026-03-24,0.9605314979738329,SELL,000001.SZ,3,Without_NLP,13,0.9605314979738329
2026-03-25,0.9605314979738329,SELL,000001.SZ,3,Without_NLP,14,0.9605314979738329
2026-03-26,0.9595709664758592,BUY,000001.SZ,3,Without_NLP,15,0.9595709664758592
2026-03-27,0.9586113955093833,SELL,000001.SZ,3,Without_NLP,16,0.9586113955093833
2026-03-30,0.9550456843046214,BUY,000001.SZ,3,Without_NLP,17,0.9550456843046214
2026-03-31,0.9540906386203168,SELL,000001.SZ,3,Without_NLP,18,0.9540906386203168
2026-04-01,0.9591581425614745,BUY,000001.SZ,3,Without_NLP,19,0.9591581425614745
2026-04-02,0.958198984418913,SELL,000001.SZ,3,Without_NLP,20,0.958198984418913
2026-04-03,0.9445001767636372,BUY,000001.SZ,3,Without_NLP,21,0.9445001767636372
2026-04-07,0.9435556765868736,SELL,000001.SZ,3,Without_NLP,22,0.9435556765868736
2026-04-08,0.958849365762322,BUY,000001.SZ,3,Without_NLP,23,0.958849365762322
2026-04-09,0.9578905163965598,SELL,000001.SZ,3,Without_NLP,24,0.9578905163965598
2026-04-10,0.956070504713098,BUY,000001.SZ,3,Without_NLP,25,0.956070504713098
2026-04-13,0.9551144342083848,SELL,000001.SZ,3,Without_NLP,26,0.9551144342083848
2026-04-14,0.9627786782737908,BUY,000001.SZ,3,Without_NLP,27,0.9627786782737908
2026-04-15,0.961815899595517,SELL,000001.SZ,3,Without_NLP,28,0.961815899595517
2026-04-16,0.9505684120018876,BUY,000001.SZ,3,Without_NLP,29,0.9505684120018876
2026-04-17,0.9496178435898857,SELL,000001.SZ,3,Without_NLP,30,0.9496178435898857
2026-04-20,0.9529764538339744,BUY,000001.SZ,3,Without_NLP,31,0.9529764538339744
2026-04-21,0.9520234773801405,SELL,000001.SZ,3,Without_NLP,32,0.9520234773801405
2026-04-22,0.9424877437177308,BUY,000001.SZ,3,Without_NLP,33,0.9424877437177308
2026-04-23,0.9415452559740131,SELL,000001.SZ,3,Without_NLP,34,0.9415452559740131
2026-04-24,0.9406037107180389,BUY,000001.SZ,3,Without_NLP,35,0.9406037107180389
2026-04-27,0.9396631070073209,SELL,000001.SZ,3,Without_NLP,36,0.9396631070073209
2026-04-28,0.9396631070073209,SELL,000001.SZ,3,Without_NLP,37,0.9396631070073209
2026-04-29,0.9396631070073209,SELL,000001.SZ,3,Without_NLP,38,0.9396631070073209
2026-04-30,0.9396631070073209,SELL,000001.SZ,3,Without_NLP,39,0.9396631070073209
2026-05-06,0.9396631070073209,HOLD,000001.SZ,3,Without_NLP,40,0.9396631070073209
2026-05-07,0.9354180827135741,BUY,000001.SZ,3,Without_NLP,41,0.9354180827135741
2026-03-03,1.0,START,600036.SH,3,Without_NLP,0,1.0
2026-03-04,0.9842112857399062,BUY,600036.SH,3,Without_NLP,1,0.9842112857399062
2026-03-05,0.9982351000437941,HOLD,600036.SH,3,Without_NLP,2,0.9982351000437941
2026-03-06,0.9995099657261429,HOLD,600036.SH,3,Without_NLP,3,0.9995099657261429
2026-03-09,0.9890559115052554,HOLD,600036.SH,3,Without_NLP,4,0.9890559115052554
2026-03-10,1.0000199314522857,HOLD,600036.SH,3,Without_NLP,5,1.0000199314522857
2026-03-11,1.0071592570862529,HOLD,600036.SH,3,Without_NLP,6,1.0071592570862529
2026-03-12,1.0071592570862529,HOLD,600036.SH,3,Without_NLP,7,1.0071592570862529
2026-03-13,1.013788616994077,HOLD,600036.SH,3,Without_NLP,8,1.013788616994077
2026-03-16,1.0176133113071404,HOLD,600036.SH,3,Without_NLP,9,1.0176133113071404
2026-03-17,1.0229678055326157,HOLD,600036.SH,3,Without_NLP,10,1.0229678055326157
2026-03-18,1.0178682455372035,HOLD,600036.SH,3,Without_NLP,11,1.0178682455372035
2026-03-19,1.014043648490157,HOLD,600036.SH,3,Without_NLP,12,1.014043648490157
2026-03-20,1.013533682764014,HOLD,600036.SH,3,Without_NLP,13,1.013533682764014
2026-03-23,0.9862511486444778,HOLD,600036.SH,3,Without_NLP,14,0.9862511486444778
2026-03-24,1.0007848314084917,HOLD,600036.SH,3,Without_NLP,15,1.0007848314084917
2026-03-25,1.0010397656385548,BUY,600036.SH,3,Without_NLP,16,1.0010397656385548
2026-03-26,1.0086891542646816,HOLD,600036.SH,3,Without_NLP,17,1.0086891542646816
2026-03-27,1.005629359907824,HOLD,600036.SH,3,Without_NLP,18,1.005629359907824
2026-03-30,1.00664929136011,HOLD,600036.SH,3,Without_NLP,19,1.00664929136011
2026-03-31,1.0025696628169836,HOLD,600036.SH,3,Without_NLP,20,1.0025696628169836
2026-04-01,1.0153185141725056,HOLD,600036.SH,3,Without_NLP,21,1.0153185141725056
2026-04-02,1.014303195658333,SELL,600036.SH,3,Without_NLP,22,1.014303195658333
2026-04-03,1.0041143258188652,BUY,600036.SH,3,Without_NLP,23,1.0041143258188652
2026-04-07,0.9936654246912944,HOLD,600036.SH,3,Without_NLP,24,0.9936654246912944
2026-04-08,1.0097209892315144,HOLD,600036.SH,3,Without_NLP,25,1.0097209892315144
2026-04-09,1.008711268242283,SELL,600036.SH,3,Without_NLP,26,1.008711268242283
2026-04-10,1.006419205950436,BUY,600036.SH,3,Without_NLP,27,1.006419205950436
2026-04-13,1.0005157129111282,HOLD,600036.SH,3,Without_NLP,28,1.0005157129111282
2026-04-14,1.0043658638953497,HOLD,600036.SH,3,Without_NLP,29,1.0043658638953497
2026-04-15,1.0241297829817662,HOLD,600036.SH,3,Without_NLP,30,1.0241297829817662
2026-04-16,1.0231056531987843,SELL,600036.SH,3,Without_NLP,31,1.0231056531987843
2026-04-17,1.0120947858007319,BUY,600036.SH,3,Without_NLP,32,1.0120947858007319
2026-04-20,1.0210581366760627,HOLD,600036.SH,3,Without_NLP,33,1.0210581366760627
2026-04-21,1.0210581366760627,HOLD,600036.SH,3,Without_NLP,34,1.0210581366760627
2026-04-22,1.0177289478899096,HOLD,600036.SH,3,Without_NLP,35,1.0177289478899096
2026-04-23,1.019521618064976,HOLD,600036.SH,3,Without_NLP,36,1.019521618064976
2026-04-24,1.0085094454505994,HOLD,600036.SH,3,Without_NLP,37,1.0085094454505994
2026-04-27,1.0085094454505994,HOLD,600036.SH,3,Without_NLP,38,1.0085094454505994
2026-04-28,1.0075009360051488,SELL,600036.SH,3,Without_NLP,39,1.0075009360051488
2026-04-29,0.9785353218002131,BUY,600036.SH,3,Without_NLP,40,0.9785353218002131
2026-04-30,0.9775567864784128,SELL,600036.SH,3,Without_NLP,41,0.9775567864784128
2026-05-06,0.9696893202091708,BUY,600036.SH,3,Without_NLP,42,0.9696893202091708
2026-03-03,1.0,START,600519.SH,3,Without_NLP,0,1.0
2026-03-04,0.9814813812787225,BUY,600519.SH,3,Without_NLP,1,0.9814813812787225
2026-03-05,0.9799823701219891,BUY,600519.SH,3,Without_NLP,2,0.9799823701219891
2026-03-06,0.9820557271768333,BUY,600519.SH,3,Without_NLP,3,0.9820557271768333
2026-03-09,0.9810736714496565,SELL,600519.SH,3,Without_NLP,4,0.9810736714496565
2026-03-10,0.9835162603857702,BUY,600519.SH,3,Without_NLP,5,0.9835162603857702
2026-03-11,0.9825327441253845,SELL,600519.SH,3,Without_NLP,6,0.9825327441253845
2026-03-12,0.975941353030509,BUY,600519.SH,3,Without_NLP,7,0.975941353030509
2026-03-13,0.9911133251394143,BUY,600519.SH,3,Without_NLP,8,0.9911133251394143
2026-03-16,0.9901222118142748,SELL,600519.SH,3,Without_NLP,9,0.9901222118142748
2026-03-17,0.9901222118142748,HOLD,600519.SH,3,Without_NLP,10,0.9901222118142748
2026-03-18,0.9901222118142748,SELL,600519.SH,3,Without_NLP,11,0.9901222118142748
2026-03-19,0.9901222118142748,HOLD,600519.SH,3,Without_NLP,12,0.9901222118142748
2026-03-20,0.9837740983564531,BUY,600519.SH,3,Without_NLP,13,0.9837740983564531
2026-03-23,0.9586316552479874,BUY,600519.SH,3,Without_NLP,14,0.9586316552479874
2026-03-24,0.9576730235927394,SELL,600519.SH,3,Without_NLP,15,0.9576730235927394
2026-03-25,0.9576730235927394,SELL,600519.SH,3,Without_NLP,16,0.9576730235927394
2026-03-26,0.9576730235927394,SELL,600519.SH,3,Without_NLP,17,0.9576730235927394
2026-03-27,0.9576730235927394,SELL,600519.SH,3,Without_NLP,18,0.9576730235927394
2026-03-30,0.9576730235927394,SELL,600519.SH,3,Without_NLP,19,0.9576730235927394
2026-03-31,0.9769276467079314,BUY,600519.SH,3,Without_NLP,20,0.9769276467079314
2026-04-01,0.9832877430824615,HOLD,600519.SH,3,Without_NLP,21,0.9832877430824615
2026-04-02,0.982304455339379,SELL,600519.SH,3,Without_NLP,22,0.982304455339379
2026-04-03,0.982304455339379,HOLD,600519.SH,3,Without_NLP,23,0.982304455339379
2026-04-07,0.9678928375907419,BUY,600519.SH,3,Without_NLP,24,0.9678928375907419
2026-04-08,0.9846962990784822,BUY,600519.SH,3,Without_NLP,25,0.9846962990784822
2026-04-09,0.9837116027794037,SELL,600519.SH,3,Without_NLP,26,0.9837116027794037
2026-04-10,0.9783339946328967,BUY,600519.SH,3,Without_NLP,27,0.9783339946328967
2026-04-13,0.9773556606382638,SELL,600519.SH,3,Without_NLP,28,0.9773556606382638
2026-04-14,0.9788068647466743,BUY,600519.SH,3,Without_NLP,29,0.9788068647466743
2026-04-15,0.9778280578819276,SELL,600519.SH,3,Without_NLP,30,0.9778280578819276
2026-04-16,0.9778280578819276,SELL,600519.SH,3,Without_NLP,31,0.9778280578819276
2026-04-17,0.9778280578819276,SELL,600519.SH,3,Without_NLP,32,0.9778280578819276
2026-04-20,0.9793839321153985,BUY,600519.SH,3,Without_NLP,33,0.9793839321153985
2026-04-21,0.9784045481832832,SELL,600519.SH,3,Without_NLP,34,0.9784045481832832
2026-04-22,0.9784045481832832,SELL,600519.SH,3,Without_NLP,35,0.9784045481832832
2026-04-23,0.9784045481832832,SELL,600519.SH,3,Without_NLP,36,0.9784045481832832
2026-04-24,0.9784045481832832,SELL,600519.SH,3,Without_NLP,37,0.9784045481832832
2026-04-27,0.9403728007776635,BUY,600519.SH,3,Without_NLP,38,0.9403728007776635
2026-04-28,0.941579127044014,BUY,600519.SH,3,Without_NLP,39,0.941579127044014
2026-04-29,0.9390124318991104,BUY,600519.SH,3,Without_NLP,40,0.9390124318991104
2026-04-30,0.92803515738058,BUY,600519.SH,3,Without_NLP,41,0.92803515738058
2026-05-06,0.9214742346516152,BUY,600519.SH,3,Without_NLP,42,0.9214742346516152
2026-03-05,1.0,BUY,000001.SZ,3,Buy_and_Hold,0,1.0
2026-03-06,0.9999241443108233,HOLD,000001.SZ,3,Buy_and_Hold,1,0.9999241443108233
2026-03-09,0.9943792784458835,HOLD,000001.SZ,3,Buy_and_Hold,2,0.9943792784458835
2026-03-10,0.999,HOLD,000001.SZ,3,Buy_and_Hold,3,0.999
2026-03-11,1.0063931544865865,HOLD,000001.SZ,3,Buy_and_Hold,4,1.0063931544865865
2026-03-12,1.011013876040703,HOLD,000001.SZ,3,Buy_and_Hold,5,1.011013876040703
2026-03-13,1.0100897317298798,HOLD,000001.SZ,3,Buy_and_Hold,6,1.0100897317298798
2026-03-16,1.0091655874190564,HOLD,000001.SZ,3,Buy_and_Hold,7,1.0091655874190564
2026-03-17,1.0193311748381129,HOLD,000001.SZ,3,Buy_and_Hold,8,1.0193311748381129
2026-03-18,1.0128621646623497,HOLD,000001.SZ,3,Buy_and_Hold,9,1.0128621646623497
2026-03-19,1.0054690101757633,HOLD,000001.SZ,3,Buy_and_Hold,10,1.0054690101757633
2026-03-20,0.9953034227567067,HOLD,000001.SZ,3,Buy_and_Hold,11,0.9953034227567067
2026-03-23,0.9657308048103607,HOLD,000001.SZ,3,Buy_and_Hold,12,0.9657308048103607
2026-03-24,1.0054690101757633,HOLD,000001.SZ,3,Buy_and_Hold,13,1.0054690101757633
2026-03-25,1.011013876040703,HOLD,000001.SZ,3,Buy_and_Hold,14,1.011013876040703
2026-03-26,1.011013876040703,HOLD,000001.SZ,3,Buy_and_Hold,15,1.011013876040703
2026-03-27,1.0184070305272894,HOLD,000001.SZ,3,Buy_and_Hold,16,1.0184070305272894
2026-03-30,1.0156345975948196,HOLD,000001.SZ,3,Buy_and_Hold,17,1.0156345975948196
2026-03-31,1.0239518963922294,HOLD,000001.SZ,3,Buy_and_Hold,18,1.0239518963922294
2026-04-01,1.0304209065679926,HOLD,000001.SZ,3,Buy_and_Hold,19,1.0304209065679926
2026-04-02,1.0415106382978723,HOLD,000001.SZ,3,Buy_and_Hold,20,1.0415106382978723
2026-04-03,1.0276484736355227,HOLD,000001.SZ,3,Buy_and_Hold,21,1.0276484736355227
2026-04-07,1.0193311748381129,HOLD,000001.SZ,3,Buy_and_Hold,22,1.0193311748381129
2026-04-08,1.0368899167437557,HOLD,000001.SZ,3,Buy_and_Hold,23,1.0368899167437557
2026-04-09,1.025800185013876,HOLD,000001.SZ,3,Buy_and_Hold,24,1.025800185013876
2026-04-10,1.0248760407030528,HOLD,000001.SZ,3,Buy_and_Hold,25,1.0248760407030528
2026-04-13,1.0230277520814062,HOLD,000001.SZ,3,Buy_and_Hold,26,1.0230277520814062
2026-04-14,1.0322691951896392,HOLD,000001.SZ,3,Buy_and_Hold,27,1.0322691951896392
2026-04-15,1.0359657724329325,HOLD,000001.SZ,3,Buy_and_Hold,28,1.0359657724329325
2026-04-16,1.0248760407030528,HOLD,000001.SZ,3,Buy_and_Hold,29,1.0248760407030528
2026-04-17,1.0174828862164662,HOLD,000001.SZ,3,Buy_and_Hold,30,1.0174828862164662
2026-04-20,1.0221036077705827,HOLD,000001.SZ,3,Buy_and_Hold,31,1.0221036077705827
2026-04-21,1.0239518963922294,HOLD,000001.SZ,3,Buy_and_Hold,32,1.0239518963922294
2026-04-22,1.0147104532839963,HOLD,000001.SZ,3,Buy_and_Hold,33,1.0147104532839963
2026-04-23,1.016558741905643,HOLD,000001.SZ,3,Buy_and_Hold,34,1.016558741905643
2026-04-24,1.016558741905643,HOLD,000001.SZ,3,Buy_and_Hold,35,1.016558741905643
2026-04-27,1.0516762257169288,HOLD,000001.SZ,3,Buy_and_Hold,36,1.0516762257169288
2026-04-28,1.0590693802035154,HOLD,000001.SZ,3,Buy_and_Hold,37,1.0590693802035154
2026-04-29,1.0646142460684551,HOLD,000001.SZ,3,Buy_and_Hold,38,1.0646142460684551
2026-04-30,1.0618418131359852,HOLD,000001.SZ,3,Buy_and_Hold,39,1.0618418131359852
2026-05-06,1.049827937095282,HOLD,000001.SZ,3,Buy_and_Hold,40,1.049827937095282
2026-05-07,1.046131359851989,HOLD,000001.SZ,3,Buy_and_Hold,41,1.046131359851989
2026-03-03,1.0,BUY,600036.SH,3,Buy_and_Hold,0,1.0
2026-03-04,0.9842113323124044,HOLD,600036.SH,3,Buy_and_Hold,1,0.9842113323124044
2026-03-05,0.9982350689127106,HOLD,600036.SH,3,Buy_and_Hold,2,0.9982350689127106
2026-03-06,0.9995099540581931,HOLD,600036.SH,3,Buy_and_Hold,3,0.9995099540581931
2026-03-09,0.9890558958652375,HOLD,600036.SH,3,Buy_and_Hold,4,0.9890558958652375
2026-03-10,1.0000199081163859,HOLD,600036.SH,3,Buy_and_Hold,5,1.0000199081163859
2026-03-11,1.0071592649310874,HOLD,600036.SH,3,Buy_and_Hold,6,1.0071592649310874
2026-03-12,1.0071592649310874,HOLD,600036.SH,3,Buy_and_Hold,7,1.0071592649310874
2026-03-13,1.0137886676875958,HOLD,600036.SH,3,Buy_and_Hold,8,1.0137886676875958
2026-03-16,1.017613323124043,HOLD,600036.SH,3,Buy_and_Hold,9,1.017613323124043
2026-03-17,1.0229678407350689,HOLD,600036.SH,3,Buy_and_Hold,10,1.0229678407350689
2026-03-18,1.0178683001531394,HOLD,600036.SH,3,Buy_and_Hold,11,1.0178683001531394
2026-03-19,1.0140436447166923,HOLD,600036.SH,3,Buy_and_Hold,12,1.0140436447166923
2026-03-20,1.0135336906584993,HOLD,600036.SH,3,Buy_and_Hold,13,1.0135336906584993
2026-03-23,0.9862511485451761,HOLD,600036.SH,3,Buy_and_Hold,14,0.9862511485451761
2026-03-24,1.0007848392036753,HOLD,600036.SH,3,Buy_and_Hold,15,1.0007848392036753
2026-03-25,1.0010398162327718,HOLD,600036.SH,3,Buy_and_Hold,16,1.0010398162327718
2026-03-26,1.0086891271056664,HOLD,600036.SH,3,Buy_and_Hold,17,1.0086891271056664
2026-03-27,1.0056294027565085,HOLD,600036.SH,3,Buy_and_Hold,18,1.0056294027565085
2026-03-30,1.0066493108728942,HOLD,600036.SH,3,Buy_and_Hold,19,1.0066493108728942
2026-03-31,1.0025696784073508,HOLD,600036.SH,3,Buy_and_Hold,20,1.0025696784073508
2026-04-01,1.0153185298621747,HOLD,600036.SH,3,Buy_and_Hold,21,1.0153185298621747
2026-04-02,1.0137886676875958,HOLD,600036.SH,3,Buy_and_Hold,22,1.0137886676875958
2026-04-03,1.0046094946401225,HOLD,600036.SH,3,Buy_and_Hold,23,1.0046094946401225
2026-04-07,0.9941554364471671,HOLD,600036.SH,3,Buy_and_Hold,24,0.9941554364471671
2026-04-08,1.0102189892802451,HOLD,600036.SH,3,Buy_and_Hold,25,1.0102189892802451
2026-04-09,1.0010398162327718,HOLD,600036.SH,3,Buy_and_Hold,26,1.0010398162327718
2026-04-10,0.9997649310872895,HOLD,600036.SH,3,Buy_and_Hold,27,0.9997649310872895
2026-04-13,0.9939004594180705,HOLD,600036.SH,3,Buy_and_Hold,28,0.9939004594180705
2026-04-14,0.9977251148545178,HOLD,600036.SH,3,Buy_and_Hold,29,0.9977251148545178
2026-04-15,1.0173583460949465,HOLD,600036.SH,3,Buy_and_Hold,30,1.0173583460949465
2026-04-16,1.017613323124043,HOLD,600036.SH,3,Buy_and_Hold,31,1.017613323124043
2026-04-17,1.0076692189892804,HOLD,600036.SH,3,Buy_and_Hold,32,1.0076692189892804
2026-04-20,1.016593415007657,HOLD,600036.SH,3,Buy_and_Hold,33,1.016593415007657
2026-04-21,1.016593415007657,HOLD,600036.SH,3,Buy_and_Hold,34,1.016593415007657
2026-04-22,1.0132787136294028,HOLD,600036.SH,3,Buy_and_Hold,35,1.0132787136294028
2026-04-23,1.0150635528330783,HOLD,600036.SH,3,Buy_and_Hold,36,1.0150635528330783
2026-04-24,1.0040995405819297,HOLD,600036.SH,3,Buy_and_Hold,37,1.0040995405819297
2026-04-27,1.0040995405819297,HOLD,600036.SH,3,Buy_and_Hold,38,1.0040995405819297
2026-04-28,1.0097090352220521,HOLD,600036.SH,3,Buy_and_Hold,39,1.0097090352220521
2026-04-29,0.9816615620214396,HOLD,600036.SH,3,Buy_and_Hold,40,0.9816615620214396
2026-04-30,0.9757970903522206,HOLD,600036.SH,3,Buy_and_Hold,41,0.9757970903522206
2026-05-06,0.9689127105666157,HOLD,600036.SH,3,Buy_and_Hold,42,0.9689127105666157
2026-03-03,1.0,BUY,600519.SH,3,Buy_and_Hold,0,1.0
2026-03-04,0.9814813033326556,HOLD,600519.SH,3,Buy_and_Hold,1,0.9814813033326556
2026-03-05,0.9799823024982646,HOLD,600519.SH,3,Buy_and_Hold,2,0.9799823024982646
2026-03-06,0.9820556868299456,HOLD,600519.SH,3,Buy_and_Hold,3,0.9820556868299456
2026-03-09,0.978553348431836,HOLD,600519.SH,3,Buy_and_Hold,4,0.978553348431836
2026-03-10,0.981971630708391,HOLD,600519.SH,3,Buy_and_Hold,5,0.981971630708391
2026-03-11,0.9806547514707017,HOLD,600519.SH,3,Buy_and_Hold,6,0.9806547514707017
2026-03-12,0.9750510100337263,HOLD,600519.SH,3,Buy_and_Hold,7,0.9750510100337263
2026-03-13,0.9902091306207449,HOLD,600519.SH,3,Buy_and_Hold,8,0.9902091306207449
2026-03-16,1.0228088964303494,HOLD,600519.SH,3,Buy_and_Hold,9,1.0228088964303494
2026-03-17,1.0401945042385656,HOLD,600519.SH,3,Buy_and_Hold,10,1.0401945042385656
2026-03-18,1.0288469278286905,HOLD,600519.SH,3,Buy_and_Hold,11,1.0288469278286905
2026-03-19,1.017688477692313,HOLD,600519.SH,3,Buy_and_Hold,12,1.017688477692313
2026-03-20,1.0121757970536884,HOLD,600519.SH,3,Buy_and_Hold,13,1.0121757970536884
2026-03-23,0.9863075256452506,HOLD,600519.SH,3,Buy_and_Hold,14,0.9863075256452506
2026-03-24,0.9857891795623304,HOLD,600519.SH,3,Buy_and_Hold,15,0.9857891795623304
2026-03-25,0.9878485545404189,HOLD,600519.SH,3,Buy_and_Hold,16,0.9878485545404189
2026-03-26,0.9814813033326556,HOLD,600519.SH,3,Buy_and_Hold,17,0.9814813033326556
2026-03-27,0.991876243698245,HOLD,600519.SH,3,Buy_and_Hold,18,0.991876243698245
2026-03-30,0.9946641050631403,HOLD,600519.SH,3,Buy_and_Hold,19,0.9946641050631403
2026-03-31,1.015678135451798,HOLD,600519.SH,3,Buy_and_Hold,20,1.015678135451798
2026-04-01,1.0222905503474293,HOLD,600519.SH,3,Buy_and_Hold,21,1.0222905503474293
2026-04-02,1.022598756126463,HOLD,600519.SH,3,Buy_and_Hold,22,1.022598756126463
2026-04-03,1.0226828122480174,HOLD,600519.SH,3,Buy_and_Hold,23,1.0226828122480174
2026-04-07,1.0086874680091713,HOLD,600519.SH,3,Buy_and_Hold,24,1.0086874680091713
2026-04-08,1.0261991599997196,HOLD,600519.SH,3,Buy_and_Hold,25,1.0261991599997196
2026-04-09,1.0230260414110321,HOLD,600519.SH,3,Buy_and_Hold,26,1.0230260414110321
2026-04-10,1.018451987463101,HOLD,600519.SH,3,Buy_and_Hold,27,1.018451987463101
2026-04-13,1.0109920066751275,HOLD,600519.SH,3,Buy_and_Hold,28,1.0109920066751275
2026-04-14,1.0135066856449702,HOLD,600519.SH,3,Buy_and_Hold,29,1.0135066856449702
2026-04-15,1.0279363198451819,HOLD,600519.SH,3,Buy_and_Hold,30,1.0279363198451819
2026-04-16,1.0246721404581438,HOLD,600519.SH,3,Buy_and_Hold,31,1.0246721404581438
2026-04-17,0.9857261374711644,HOLD,600519.SH,3,Buy_and_Hold,32,0.9857261374711644
2026-04-20,0.9882828445017846,HOLD,600519.SH,3,Buy_and_Hold,33,0.9882828445017846
2026-04-21,0.989067368302961,HOLD,600519.SH,3,Buy_and_Hold,34,0.989067368302961
2026-04-22,0.9873091944271101,HOLD,600519.SH,3,Buy_and_Hold,35,0.9873091944271101
2026-04-23,0.9939636373835183,HOLD,600519.SH,3,Buy_and_Hold,36,0.9939636373835183
2026-04-24,1.0216251060517885,HOLD,600519.SH,3,Buy_and_Hold,37,1.0216251060517885
2026-04-27,0.9828962480454919,HOLD,600519.SH,3,Buy_and_Hold,38,0.9828962480454919
2026-04-28,0.9841570898688113,HOLD,600519.SH,3,Buy_and_Hold,39,0.9841570898688113
2026-04-29,0.9814742986558594,HOLD,600519.SH,3,Buy_and_Hold,40,0.9814742986558594
2026-04-30,0.9700006380636521,HOLD,600519.SH,3,Buy_and_Hold,41,0.9700006380636521
2026-05-06,0.9631430594801534,HOLD,600519.SH,3,Buy_and_Hold,42,0.9631430594801534
