stock,fold,strategy,episode,reward
ALL,1,With_NLP,1,0.004756925303995833
ALL,1,With_NLP,2,-0.036674731506227014
ALL,1,With_NLP,3,-0.060409069795566754
ALL,1,With_NLP,4,-0.14073230250727864
ALL,1,With_NLP,5,-0.05434468287255456
ALL,1,With_NLP,6,-0.14581735299713797
ALL,1,With_NLP,7,0.009206467257597238
ALL,1,With_NLP,8,-0.11004544851356882
ALL,1,With_NLP,9,-0.036211714423896486
ALL,1,With_NLP,10,-0.061573977704435
ALL,1,With_NLP,11,0.002121159175757956
ALL,1,With_NLP,12,-0.06672362299639867
ALL,1,With_NLP,13,-0.03185282864715096
ALL,1,With_NLP,14,-0.06610016584677761
ALL,1,With_NLP,15,-0.02556191901405254
ALL,1,With_NLP,16,-0.07690662251320528
ALL,1,With_NLP,17,-0.05266114222801271
ALL,1,With_NLP,18,0.010653982674608002
ALL,1,With_NLP,19,-0.06259563603262637
ALL,1,With_NLP,20,-0.0480430859043472
ALL,1,With_NLP,21,-0.03917620912195437
ALL,1,With_NLP,22,-0.11415443503099273
ALL,1,With_NLP,23,-0.014656825626916403
ALL,1,With_NLP,24,-0.04363008362630856
ALL,1,With_NLP,25,-0.02100438860452715
ALL,1,With_NLP,26,-0.07149910179541333
ALL,1,With_NLP,27,-0.03911197387069047
ALL,1,With_NLP,28,0.0016869803254694078
ALL,1,With_NLP,29,0.10202500334569953
ALL,1,With_NLP,30,-0.027282314437403043
ALL,1,With_NLP,31,-0.05988175228601583
ALL,1,With_NLP,32,0.04378247478984375
ALL,1,With_NLP,33,0.010050840565203226
ALL,1,With_NLP,34,-0.04339230492481272
ALL,1,With_NLP,35,-0.0012093293042933762
ALL,1,With_NLP,36,0.02258185743668075
ALL,1,With_NLP,37,-0.06348721593824393
ALL,1,With_NLP,38,-0.11183604697695357
ALL,1,With_NLP,39,-0.07238621095713207
ALL,1,With_NLP,40,-0.04239503073503815
ALL,1,With_NLP,41,0.06442506180109701
ALL,1,With_NLP,42,-0.04341549298487793
ALL,1,With_NLP,43,-0.03236412413902363
ALL,1,With_NLP,44,0.17244510219448148
ALL,1,With_NLP,45,-0.05077804806988643
ALL,1,With_NLP,46,-0.07148231203656616
ALL,1,With_NLP,47,-0.012033671516456375
ALL,1,With_NLP,48,-0.05594573486318602
ALL,1,With_NLP,49,0.0491447605300146
ALL,1,With_NLP,50,-0.03223371563472768
ALL,1,With_NLP,51,-0.01469084325745231
ALL,1,With_NLP,52,0.04740142673300781
ALL,1,With_NLP,53,0.03519028049336725
ALL,1,With_NLP,54,0.03281335363390861
ALL,1,With_NLP,55,-0.009053763032314553
ALL,1,With_NLP,56,-0.000849606834486709
ALL,1,With_NLP,57,0.07578831808652464
ALL,1,With_NLP,58,0.06237579628924103
ALL,1,With_NLP,59,0.021647343240117016
ALL,1,With_NLP,60,-0.09463021446148137
ALL,1,With_NLP,61,0.05481083546640786
ALL,1,With_NLP,62,0.06141909016331609
ALL,1,With_NLP,63,0.014945561631615197
ALL,1,With_NLP,64,-0.03740400682860472
ALL,1,With_NLP,65,0.07590827379106475
ALL,1,With_NLP,66,0.015822757366776435
ALL,1,With_NLP,67,0.05557543925771414
ALL,1,With_NLP,68,0.004781654408418907
ALL,1,With_NLP,69,-0.006381866760959519
ALL,1,With_NLP,70,0.04927438315922432
ALL,1,With_NLP,71,0.0650880590569659
ALL,1,With_NLP,72,0.03625918711090041
ALL,1,With_NLP,73,0.0017122590654375944
ALL,1,With_NLP,74,0.02149582117401994
ALL,1,With_NLP,75,0.07044050345491824
ALL,1,With_NLP,76,-0.02865283254017735
ALL,1,With_NLP,77,0.008214262560265577
ALL,1,With_NLP,78,0.013064565202549326
ALL,1,With_NLP,79,-0.014032892035825573
ALL,1,With_NLP,80,0.11673964269595787
ALL,1,With_NLP,81,0.13177633694748694
ALL,1,With_NLP,82,-0.02893122795657197
ALL,1,With_NLP,83,0.06575146442915
ALL,1,With_NLP,84,0.03399087234009923
ALL,1,With_NLP,85,0.014723330348814786
ALL,1,With_NLP,86,0.11941552875005065
ALL,1,With_NLP,87,0.013940517095692747
ALL,1,With_NLP,88,0.07082611662216177
ALL,1,With_NLP,89,0.0030339986540381617
ALL,1,With_NLP,90,0.12171370092890788
ALL,1,With_NLP,91,-0.057627541291686055
ALL,1,With_NLP,92,0.029017448324827767
ALL,1,With_NLP,93,0.140885225319184
ALL,1,With_NLP,94,0.1669281868269929
ALL,1,With_NLP,95,-0.0390849497139404
ALL,1,With_NLP,96,0.09475582800050458
ALL,1,With_NLP,97,0.11170895684052899
ALL,1,With_NLP,98,0.12245352861660554
ALL,1,With_NLP,99,0.007603086887690443
ALL,1,With_NLP,100,-0.020336627044103647
ALL,1,With_NLP,101,-0.0014053203706657779
ALL,1,With_NLP,102,0.03300072217680434
ALL,1,With_NLP,103,-0.01594732432361708
ALL,1,With_NLP,104,0.04270085977119829
ALL,1,With_NLP,105,-0.023995947014987837
ALL,1,With_NLP,106,0.0591549154544497
ALL,1,With_NLP,107,0.040108257027455546
ALL,1,With_NLP,108,0.04921426749972288
ALL,1,With_NLP,109,0.013749242893560248
ALL,1,With_NLP,110,0.04489842479715776
ALL,1,With_NLP,111,0.08662033183602952
ALL,1,With_NLP,112,0.02328572796112899
ALL,1,With_NLP,113,0.07482904502175822
ALL,1,With_NLP,114,0.14145132312618133
ALL,1,With_NLP,115,0.08020951839697789
ALL,1,With_NLP,116,0.10411330530525262
ALL,1,With_NLP,117,0.0301518522196737
ALL,1,With_NLP,118,0.04708854072862015
ALL,1,With_NLP,119,0.16750661740828718
ALL,1,With_NLP,120,0.06895380832307249
ALL,1,With_NLP,121,0.16901870345164727
ALL,1,With_NLP,122,0.0945207400431305
ALL,1,With_NLP,123,0.10129594887956307
ALL,1,With_NLP,124,0.09988757449291194
ALL,1,With_NLP,125,0.059809840683108156
ALL,1,With_NLP,126,0.09512627780620089
ALL,1,With_NLP,127,0.10578730574927618
ALL,1,With_NLP,128,0.16135708526896095
ALL,1,With_NLP,129,0.11463477397616656
ALL,1,With_NLP,130,0.03243889664141404
ALL,1,With_NLP,131,0.06861376473353063
ALL,1,With_NLP,132,0.1962918927673471
ALL,1,With_NLP,133,0.05409758753922461
ALL,1,With_NLP,134,0.15253636666389997
ALL,1,With_NLP,135,0.25100066017149986
ALL,1,With_NLP,136,0.06323257037504144
ALL,1,With_NLP,137,0.1895111767670107
ALL,1,With_NLP,138,0.05858622058158407
ALL,1,With_NLP,139,0.11115350783376161
ALL,1,With_NLP,140,0.03550340076010485
ALL,1,With_NLP,141,0.16375804710108544
ALL,1,With_NLP,142,0.20926649254734309
ALL,1,With_NLP,143,0.06256700930492695
ALL,1,With_NLP,144,0.018923996793859664
ALL,1,With_NLP,145,0.14964027540402075
ALL,1,With_NLP,146,0.11030430008889856
ALL,1,With_NLP,147,0.08219667231289111
ALL,1,With_NLP,148,0.0830423665511401
ALL,1,With_NLP,149,0.09187686854956004
ALL,1,With_NLP,150,0.09421080578062231
ALL,1,With_NLP,151,0.14705380907385784
ALL,1,With_NLP,152,0.11284087663557762
ALL,1,With_NLP,153,0.18424440150106078
ALL,1,With_NLP,154,0.06018205890600224
ALL,1,With_NLP,155,0.06965566743250294
ALL,1,With_NLP,156,0.10800860010079791
ALL,1,With_NLP,157,0.21411895445939766
ALL,1,With_NLP,158,0.15598116656047695
ALL,1,With_NLP,159,0.07794314005835795
ALL,1,With_NLP,160,0.07055952793225677
ALL,1,With_NLP,161,0.12014140005639173
ALL,1,With_NLP,162,0.07191003729096283
ALL,1,With_NLP,163,0.13359878742042916
ALL,1,With_NLP,164,0.24258753489458443
ALL,1,With_NLP,165,0.07180954086070171
ALL,1,With_NLP,166,0.12264481250604471
ALL,1,With_NLP,167,0.1325977148743782
ALL,1,With_NLP,168,0.21686457179245688
ALL,1,With_NLP,169,0.05180105040468491
ALL,1,With_NLP,170,0.15726135338197386
ALL,1,With_NLP,171,0.20509943919889
ALL,1,With_NLP,172,0.06600730235330819
ALL,1,With_NLP,173,0.15790508882523685
ALL,1,With_NLP,174,0.15837120788284448
ALL,1,With_NLP,175,0.18706882255031504
ALL,1,With_NLP,176,0.22089575058593885
ALL,1,With_NLP,177,0.23621519298024918
ALL,1,With_NLP,178,0.25720587709769754
ALL,1,With_NLP,179,0.11980053529878784
ALL,1,With_NLP,180,0.0266387838492648
ALL,1,With_NLP,181,0.12529954331028148
ALL,1,With_NLP,182,0.14273604047800798
ALL,1,With_NLP,183,0.030770769084404185
ALL,1,With_NLP,184,0.12166630072893751
ALL,1,With_NLP,185,0.17533251169138625
ALL,1,With_NLP,186,0.1937476925360224
ALL,1,With_NLP,187,0.06923798132933574
ALL,1,With_NLP,188,0.20214183213762435
ALL,1,With_NLP,189,0.17995156468699128
ALL,1,With_NLP,190,0.13456872388513233
ALL,1,With_NLP,191,0.25596013646245214
ALL,1,With_NLP,192,0.08548745970016136
ALL,1,With_NLP,193,0.1292830441300268
ALL,1,With_NLP,194,0.12734257062824708
ALL,1,With_NLP,195,0.11997529495281038
ALL,1,With_NLP,196,0.11150981533987522
ALL,1,With_NLP,197,0.1965061777229582
ALL,1,With_NLP,198,0.1310799198046123
ALL,1,With_NLP,199,0.049332062089705586
ALL,1,With_NLP,200,0.1373851333845261
ALL,1,With_NLP,201,0.12865316896555926
ALL,1,With_NLP,202,0.18069550179847346
ALL,1,With_NLP,203,0.1617751413774648
ALL,1,With_NLP,204,0.059388317130583124
ALL,1,With_NLP,205,0.14148802126951593
ALL,1,With_NLP,206,0.16033630713110525
ALL,1,With_NLP,207,0.16056710372972896
ALL,1,With_NLP,208,0.17610275622612095
ALL,1,With_NLP,209,0.28659269229924994
ALL,1,With_NLP,210,0.11691866538356692
ALL,1,With_NLP,211,0.22025837012172225
ALL,1,With_NLP,212,0.19367394212091005
ALL,1,With_NLP,213,0.23214240337665498
ALL,1,With_NLP,214,0.14542767516678917
ALL,1,With_NLP,215,0.23916342605303884
ALL,1,With_NLP,216,0.1790687917951037
ALL,1,With_NLP,217,0.22372425738641286
ALL,1,With_NLP,218,0.17711469973162863
ALL,1,With_NLP,219,0.17499046546373276
ALL,1,With_NLP,220,0.13925815880886502
ALL,1,Without_NLP,1,0.004756925303995833
ALL,1,Without_NLP,2,-0.036674731506227014
ALL,1,Without_NLP,3,-0.060409069795566754
ALL,1,Without_NLP,4,-0.12568386272729862
ALL,1,Without_NLP,5,-0.03755778158649339
ALL,1,Without_NLP,6,-0.14581735299713797
ALL,1,Without_NLP,7,0.009206467257597238
ALL,1,Without_NLP,8,-0.11004544851356882
ALL,1,Without_NLP,9,-0.036211714423896486
ALL,1,Without_NLP,10,-0.05600587056233672
ALL,1,Without_NLP,11,0.022243377180195978
ALL,1,Without_NLP,12,-0.06629268122334574
ALL,1,Without_NLP,13,-0.03185282864715096
ALL,1,Without_NLP,14,-0.01932017000874216
ALL,1,Without_NLP,15,-0.025477415309336574
ALL,1,Without_NLP,16,-0.07126549568664864
ALL,1,Without_NLP,17,-0.028175053369566196
ALL,1,Without_NLP,18,0.03821938815875469
ALL,1,Without_NLP,19,-0.06259563603262637
ALL,1,Without_NLP,20,-0.04531816930780699
ALL,1,Without_NLP,21,-0.008880282296587915
ALL,1,Without_NLP,22,-0.12025738174887035
ALL,1,Without_NLP,23,-0.022336796383992524
ALL,1,Without_NLP,24,-0.04306884772529958
ALL,1,Without_NLP,25,-0.055134101896721896
ALL,1,Without_NLP,26,-0.014006586470614897
ALL,1,Without_NLP,27,-0.019650884403984843
ALL,1,Without_NLP,28,-0.03371510989862276
ALL,1,Without_NLP,29,0.11014070989154268
ALL,1,Without_NLP,30,-0.027282314437403043
ALL,1,Without_NLP,31,-0.08367692078748777
ALL,1,Without_NLP,32,-0.050942985747881274
ALL,1,Without_NLP,33,-0.019195671107007983
ALL,1,Without_NLP,34,-0.06651339924923545
ALL,1,Without_NLP,35,0.008195533853441135
ALL,1,Without_NLP,36,-0.00708377945668312
ALL,1,Without_NLP,37,-0.08366138639735432
ALL,1,Without_NLP,38,-0.10409401942416634
ALL,1,Without_NLP,39,-0.06822900403615575
ALL,1,Without_NLP,40,-0.008385368928491625
ALL,1,Without_NLP,41,0.008476224819833109
ALL,1,Without_NLP,42,-0.06833732416414355
ALL,1,Without_NLP,43,-0.034066915518628386
ALL,1,Without_NLP,44,0.18359775457713182
ALL,1,Without_NLP,45,-0.048113134997068194
ALL,1,Without_NLP,46,-0.07599250233829433
ALL,1,Without_NLP,47,-0.05727119050352692
ALL,1,Without_NLP,48,-0.049148384646766706
ALL,1,Without_NLP,49,0.09799220731422893
ALL,1,Without_NLP,50,-0.0505377303061997
ALL,1,Without_NLP,51,-0.0006132383979528682
ALL,1,Without_NLP,52,0.0735634182068955
ALL,1,Without_NLP,53,0.013926331724247537
ALL,1,Without_NLP,54,-0.02360158400347209
ALL,1,Without_NLP,55,-0.009106811191663868
ALL,1,Without_NLP,56,-0.051421098523794326
ALL,1,Without_NLP,57,0.0542451700288576
ALL,1,Without_NLP,58,0.03504188353089021
ALL,1,Without_NLP,59,0.012939048123919009
ALL,1,Without_NLP,60,-0.09029951303327736
ALL,1,Without_NLP,61,-0.01171290148592613
ALL,1,Without_NLP,62,0.07258546241938824
ALL,1,Without_NLP,63,-0.046995374721414
ALL,1,Without_NLP,64,-0.02315595433008067
ALL,1,Without_NLP,65,0.08125810624128142
ALL,1,Without_NLP,66,-0.03314173061509745
ALL,1,Without_NLP,67,-0.04704395906699719
ALL,1,Without_NLP,68,0.01647561562130038
ALL,1,Without_NLP,69,-0.0073830772056726725
ALL,1,Without_NLP,70,0.019998402074346708
ALL,1,Without_NLP,71,0.03302876814880194
ALL,1,Without_NLP,72,-0.010303331316346368
ALL,1,Without_NLP,73,-0.004832353758736502
ALL,1,Without_NLP,74,-0.01313905600168362
ALL,1,Without_NLP,75,0.06254679316132777
ALL,1,Without_NLP,76,0.05797068404534842
ALL,1,Without_NLP,77,-0.007237167379152044
ALL,1,Without_NLP,78,-0.0019868558554616807
ALL,1,Without_NLP,79,-0.10049670939428314
ALL,1,Without_NLP,80,0.10840877240505907
ALL,1,Without_NLP,81,0.11829665935671453
ALL,1,Without_NLP,82,-0.015913094478614415
ALL,1,Without_NLP,83,0.019993985133599766
ALL,1,Without_NLP,84,0.06080693857581995
ALL,1,Without_NLP,85,-0.0239141029132221
ALL,1,Without_NLP,86,0.05346425189870165
ALL,1,Without_NLP,87,-0.011868183540691364
ALL,1,Without_NLP,88,0.07707709501866393
ALL,1,Without_NLP,89,-0.08539295517698262
ALL,1,Without_NLP,90,0.10999291558886684
ALL,1,Without_NLP,91,-0.07771265364939246
ALL,1,Without_NLP,92,-0.01937652393080232
ALL,1,Without_NLP,93,0.12040387220133943
ALL,1,Without_NLP,94,0.12080986540172933
ALL,1,Without_NLP,95,-0.05299247007710117
ALL,1,Without_NLP,96,0.052267616228197054
ALL,1,Without_NLP,97,0.052086280901136685
ALL,1,Without_NLP,98,0.14456692400122328
ALL,1,Without_NLP,99,0.0428767692338511
ALL,1,Without_NLP,100,-0.050271666404805244
ALL,1,Without_NLP,101,-0.026109598722714317
ALL,1,Without_NLP,102,0.04740026706293993
ALL,1,Without_NLP,103,0.005958524541292604
ALL,1,Without_NLP,104,0.014289563677144627
ALL,1,Without_NLP,105,-0.04917281500538872
ALL,1,Without_NLP,106,0.030650976607585884
ALL,1,Without_NLP,107,0.02269059304637107
ALL,1,Without_NLP,108,0.004287541685029788
ALL,1,Without_NLP,109,0.020843304335601692
ALL,1,Without_NLP,110,0.02591475333213384
ALL,1,Without_NLP,111,0.014237349114161028
ALL,1,Without_NLP,112,0.0299093378030038
ALL,1,Without_NLP,113,0.09749008386459469
ALL,1,Without_NLP,114,0.1380404197209188
ALL,1,Without_NLP,115,0.06618672308860984
ALL,1,Without_NLP,116,0.10726711849698092
ALL,1,Without_NLP,117,0.04357517095102743
ALL,1,Without_NLP,118,0.021763961182317007
ALL,1,Without_NLP,119,0.16027365518995587
ALL,1,Without_NLP,120,0.10165209798870356
ALL,1,Without_NLP,121,0.14519915859561952
ALL,1,Without_NLP,122,0.0920496960821547
ALL,1,Without_NLP,123,0.07788992625404086
ALL,1,Without_NLP,124,0.06963850632134522
ALL,1,Without_NLP,125,0.05200608678614715
ALL,1,Without_NLP,126,0.07689515611631083
ALL,1,Without_NLP,127,0.06589618309004769
ALL,1,Without_NLP,128,0.1769710791760926
ALL,1,Without_NLP,129,0.12528462868129114
ALL,1,Without_NLP,130,0.05345608400773464
ALL,1,Without_NLP,131,0.02756019150480287
ALL,1,Without_NLP,132,0.18192540906402255
ALL,1,Without_NLP,133,0.05203132472650963
ALL,1,Without_NLP,134,0.178278593026459
ALL,1,Without_NLP,135,0.2098477357901926
ALL,1,Without_NLP,136,0.07332938224247937
ALL,1,Without_NLP,137,0.157484686444748
ALL,1,Without_NLP,138,0.0796459054490409
ALL,1,Without_NLP,139,0.11675238921401286
ALL,1,Without_NLP,140,0.022377051110287774
ALL,1,Without_NLP,141,0.12345366187923004
ALL,1,Without_NLP,142,0.1998931650822065
ALL,1,Without_NLP,143,0.09066373125253976
ALL,1,Without_NLP,144,0.008392654719003769
ALL,1,Without_NLP,145,0.051858471650438324
ALL,1,Without_NLP,146,0.12754479191851464
ALL,1,Without_NLP,147,0.10719370606329268
ALL,1,Without_NLP,148,0.07748555713785621
ALL,1,Without_NLP,149,0.08128305206987164
ALL,1,Without_NLP,150,0.07266242662116211
ALL,1,Without_NLP,151,0.13405735100714194
ALL,1,Without_NLP,152,0.12297469141281157
ALL,1,Without_NLP,153,0.16755690568246898
ALL,1,Without_NLP,154,0.059596889278433166
ALL,1,Without_NLP,155,0.08789882953909586
ALL,1,Without_NLP,156,0.08923602965379787
ALL,1,Without_NLP,157,0.21510503876089732
ALL,1,Without_NLP,158,0.1258135994414331
ALL,1,Without_NLP,159,0.0766285167065269
ALL,1,Without_NLP,160,0.04160804781208409
ALL,1,Without_NLP,161,0.10725134189153962
ALL,1,Without_NLP,162,0.020236927030608535
ALL,1,Without_NLP,163,0.123804406120368
ALL,1,Without_NLP,164,0.2635337501381965
ALL,1,Without_NLP,165,0.053103001262073915
ALL,1,Without_NLP,166,0.11923147865549383
ALL,1,Without_NLP,167,0.11118560068422204
ALL,1,Without_NLP,168,0.17122202868294084
ALL,1,Without_NLP,169,0.07465893247555631
ALL,1,Without_NLP,170,0.1670330354528181
ALL,1,Without_NLP,171,0.14535309655633866
ALL,1,Without_NLP,172,0.07275513470416548
ALL,1,Without_NLP,173,0.10819488056934674
ALL,1,Without_NLP,174,0.13225356920204956
ALL,1,Without_NLP,175,0.17667559526702525
ALL,1,Without_NLP,176,0.2126462146844347
ALL,1,Without_NLP,177,0.21284481955469312
ALL,1,Without_NLP,178,0.17680356537624303
ALL,1,Without_NLP,179,0.08346362633087442
ALL,1,Without_NLP,180,0.0223237091720476
ALL,1,Without_NLP,181,0.10189804031317365
ALL,1,Without_NLP,182,0.13553917680955999
ALL,1,Without_NLP,183,0.04162022974538668
ALL,1,Without_NLP,184,0.10300251731559486
ALL,1,Without_NLP,185,0.19865515750522925
ALL,1,Without_NLP,186,0.15277607230137938
ALL,1,Without_NLP,187,0.04218105628104703
ALL,1,Without_NLP,188,0.20647037910650262
ALL,1,Without_NLP,189,0.1469318364094205
ALL,1,Without_NLP,190,0.12334731354974203
ALL,1,Without_NLP,191,0.24589156180623153
ALL,1,Without_NLP,192,0.1032137398066249
ALL,1,Without_NLP,193,0.0765409234129928
ALL,1,Without_NLP,194,0.1107952743491039
ALL,1,Without_NLP,195,0.11254189606297565
ALL,1,Without_NLP,196,0.08201655537308145
ALL,1,Without_NLP,197,0.20232395474748602
ALL,1,Without_NLP,198,0.09387102729191993
ALL,1,Without_NLP,199,0.030427992013041888
ALL,1,Without_NLP,200,0.16683346495588186
ALL,1,Without_NLP,201,0.13578223967292105
ALL,1,Without_NLP,202,0.19820139927073147
ALL,1,Without_NLP,203,0.14593754220840544
ALL,1,Without_NLP,204,0.05151835851328863
ALL,1,Without_NLP,205,0.15314944673208794
ALL,1,Without_NLP,206,0.12040778210545452
ALL,1,Without_NLP,207,0.1708304027048254
ALL,1,Without_NLP,208,0.1755433333585556
ALL,1,Without_NLP,209,0.27383077772406306
ALL,1,Without_NLP,210,0.09833755715899052
ALL,1,Without_NLP,211,0.21159018576419186
ALL,1,Without_NLP,212,0.17780384962109835
ALL,1,Without_NLP,213,0.22167980936187168
ALL,1,Without_NLP,214,0.18656476849430023
ALL,1,Without_NLP,215,0.2039062882538977
ALL,1,Without_NLP,216,0.15335036547302933
ALL,1,Without_NLP,217,0.23420412583926628
ALL,1,Without_NLP,218,0.1834192122128811
ALL,1,Without_NLP,219,0.17304868900136114
ALL,1,Without_NLP,220,0.1323379027323428
ALL,2,With_NLP,1,-0.023881450268235783
ALL,2,With_NLP,2,-0.0630909824974127
ALL,2,With_NLP,3,-0.021537278837011852
ALL,2,With_NLP,4,-0.1346120987316859
ALL,2,With_NLP,5,-0.02532442742624355
ALL,2,With_NLP,6,-0.03938830192888333
ALL,2,With_NLP,7,0.030344253360528654
ALL,2,With_NLP,8,0.0034844749666037116
ALL,2,With_NLP,9,-0.04388821215169593
ALL,2,With_NLP,10,-0.14934686151346502
ALL,2,With_NLP,11,-0.07767465288723265
ALL,2,With_NLP,12,-0.08080391748190204
ALL,2,With_NLP,13,-0.07539360764917175
ALL,2,With_NLP,14,0.02139829667262943
ALL,2,With_NLP,15,-0.06707989921002798
ALL,2,With_NLP,16,0.02562553809122959
ALL,2,With_NLP,17,-0.10193501936088567
ALL,2,With_NLP,18,-0.09317028495828718
ALL,2,With_NLP,19,-0.04639429633276809
ALL,2,With_NLP,20,-0.04966993454690595
ALL,2,With_NLP,21,-0.06904126740866369
ALL,2,With_NLP,22,-0.10537022994839026
ALL,2,With_NLP,23,-0.014736775319524303
ALL,2,With_NLP,24,-0.06698777088952505
ALL,2,With_NLP,25,-0.1435298951060994
ALL,2,With_NLP,26,0.004767558966194147
ALL,2,With_NLP,27,-0.035671658374877416
ALL,2,With_NLP,28,-0.14523950123959703
ALL,2,With_NLP,29,-0.10445889049083057
ALL,2,With_NLP,30,-0.06792632181317734
ALL,2,With_NLP,31,-0.08478886057978358
ALL,2,With_NLP,32,0.08959301377940151
ALL,2,With_NLP,33,-0.033193688769266566
ALL,2,With_NLP,34,-0.07408742248459155
ALL,2,With_NLP,35,-0.08555841316729974
ALL,2,With_NLP,36,0.09277499696854542
ALL,2,With_NLP,37,-0.03676135056566458
ALL,2,With_NLP,38,-0.1094174984170945
ALL,2,With_NLP,39,-0.12638253589432533
ALL,2,With_NLP,40,-0.04303068646453367
ALL,2,With_NLP,41,-0.06770315251234389
ALL,2,With_NLP,42,-0.06801189409822024
ALL,2,With_NLP,43,-0.2075673207666587
ALL,2,With_NLP,44,-0.1206265778060631
ALL,2,With_NLP,45,-0.04305703877774006
ALL,2,With_NLP,46,-0.019200252406526824
ALL,2,With_NLP,47,-0.0873490137171582
ALL,2,With_NLP,48,-0.01726832539474836
ALL,2,With_NLP,49,-0.06767275026486609
ALL,2,With_NLP,50,-0.04612485088178638
ALL,2,With_NLP,51,-0.09796186104329338
ALL,2,With_NLP,52,-0.157882671060325
ALL,2,With_NLP,53,-0.08166244557555902
ALL,2,With_NLP,54,-0.13283054891556187
ALL,2,With_NLP,55,-0.022603366020888464
ALL,2,With_NLP,56,-0.08009749739907567
ALL,2,With_NLP,57,-0.1299764750611193
ALL,2,With_NLP,58,0.0781319069138584
ALL,2,With_NLP,59,-0.05381530020527735
ALL,2,With_NLP,60,0.015073952931032485
ALL,2,With_NLP,61,0.10595682135199859
ALL,2,With_NLP,62,-0.0006018567552159675
ALL,2,With_NLP,63,-0.05371634173058342
ALL,2,With_NLP,64,-0.03374002411370601
ALL,2,With_NLP,65,-0.1402793494595655
ALL,2,With_NLP,66,0.01839648170714192
ALL,2,With_NLP,67,-0.024730794114542258
ALL,2,With_NLP,68,-0.017127446993566137
ALL,2,With_NLP,69,-0.09165366554028745
ALL,2,With_NLP,70,-0.04460935413709888
ALL,2,With_NLP,71,-0.10960189563596111
ALL,2,With_NLP,72,0.010038854361586821
ALL,2,With_NLP,73,0.04905154784239163
ALL,2,With_NLP,74,-0.11287855130243055
ALL,2,With_NLP,75,0.084387671647747
ALL,2,With_NLP,76,-0.11738839191213171
ALL,2,With_NLP,77,-0.021716114962627587
ALL,2,With_NLP,78,-0.14121215034025686
ALL,2,With_NLP,79,-0.009418158337445654
ALL,2,With_NLP,80,-0.11196500365633211
ALL,2,With_NLP,81,-0.017712845197073047
ALL,2,With_NLP,82,-0.09394976196667518
ALL,2,With_NLP,83,0.01795023499949396
ALL,2,With_NLP,84,-0.016753178098802172
ALL,2,With_NLP,85,-0.08137030277156523
ALL,2,With_NLP,86,0.00391410196328018
ALL,2,With_NLP,87,-0.10915702986950385
ALL,2,With_NLP,88,-0.14873053404408648
ALL,2,With_NLP,89,-0.013189003313079307
ALL,2,With_NLP,90,-0.020181439482781303
ALL,2,With_NLP,91,0.01184853704898789
ALL,2,With_NLP,92,-0.0021157726815338985
ALL,2,With_NLP,93,-0.0003824135449444089
ALL,2,With_NLP,94,-0.054754341947708556
ALL,2,With_NLP,95,0.0022343029334059286
ALL,2,With_NLP,96,-0.05160816550672505
ALL,2,With_NLP,97,-0.08030625923287078
ALL,2,With_NLP,98,0.06080081192048403
ALL,2,With_NLP,99,-0.0721494565203262
ALL,2,With_NLP,100,-0.019307354422144336
ALL,2,With_NLP,101,0.10205110887937181
ALL,2,With_NLP,102,0.03780709860193763
ALL,2,With_NLP,103,-0.04671106201190095
ALL,2,With_NLP,104,0.008280226194465907
ALL,2,With_NLP,105,0.10441109287046511
ALL,2,With_NLP,106,0.04348400000239997
ALL,2,With_NLP,107,0.06507712243247547
ALL,2,With_NLP,108,0.006172490440130709
ALL,2,With_NLP,109,0.10531182289635443
ALL,2,With_NLP,110,0.0006665421874334778
ALL,2,With_NLP,111,0.03398921605356926
ALL,2,With_NLP,112,0.037796770358132635
ALL,2,With_NLP,113,-0.04311594255410823
ALL,2,With_NLP,114,0.021472474655484002
ALL,2,With_NLP,115,0.07088461008114888
ALL,2,With_NLP,116,0.107435737255782
ALL,2,With_NLP,117,0.06382541102290944
ALL,2,With_NLP,118,0.07180580525625084
ALL,2,With_NLP,119,0.12384144174298427
ALL,2,With_NLP,120,0.05355668442117983
ALL,2,With_NLP,121,0.08082836048888337
ALL,2,With_NLP,122,0.010599987743306503
ALL,2,With_NLP,123,0.1127053232216638
ALL,2,With_NLP,124,0.08578974765237816
ALL,2,With_NLP,125,0.09893072761254662
ALL,2,With_NLP,126,0.10411113410229657
ALL,2,With_NLP,127,-0.06040557036006784
ALL,2,With_NLP,128,0.05120054496188743
ALL,2,With_NLP,129,0.07087812026332768
ALL,2,With_NLP,130,0.0776609896369824
ALL,2,With_NLP,131,0.1520200738364825
ALL,2,With_NLP,132,0.0556503670607233
ALL,2,With_NLP,133,0.13317584067824376
ALL,2,With_NLP,134,0.1600426226231296
ALL,2,With_NLP,135,0.01786310460305766
ALL,2,With_NLP,136,0.04002152827605352
ALL,2,With_NLP,137,0.11502438012965024
ALL,2,With_NLP,138,-0.0028957639452754256
ALL,2,With_NLP,139,0.021402948095906885
ALL,2,With_NLP,140,0.08118420958386525
ALL,2,With_NLP,141,0.0507339965941801
ALL,2,With_NLP,142,0.09080703837748631
ALL,2,With_NLP,143,0.13791508518190482
ALL,2,With_NLP,144,0.01780325705162658
ALL,2,With_NLP,145,0.12038776672467547
ALL,2,With_NLP,146,0.12451330586207442
ALL,2,With_NLP,147,0.05682678796846076
ALL,2,With_NLP,148,0.0418328901978748
ALL,2,With_NLP,149,0.030663424776433974
ALL,2,With_NLP,150,0.07207145115460371
ALL,2,With_NLP,151,0.02567077726867437
ALL,2,With_NLP,152,0.026106389852652342
ALL,2,With_NLP,153,0.1451102197343683
ALL,2,With_NLP,154,0.09498332068216236
ALL,2,With_NLP,155,0.09272296019455478
ALL,2,With_NLP,156,0.05623962750553923
ALL,2,With_NLP,157,0.143108009015839
ALL,2,With_NLP,158,0.07538916401935582
ALL,2,With_NLP,159,0.28229181034473116
ALL,2,With_NLP,160,-0.014399543268210697
ALL,2,With_NLP,161,0.07405843508208884
ALL,2,With_NLP,162,0.14567236107964743
ALL,2,With_NLP,163,0.18395344862608873
ALL,2,With_NLP,164,0.28113631911714126
ALL,2,With_NLP,165,0.10872739277637955
ALL,2,With_NLP,166,0.07962173620059297
ALL,2,With_NLP,167,0.07442109764170951
ALL,2,With_NLP,168,0.1350653712339313
ALL,2,With_NLP,169,0.0675596126002529
ALL,2,With_NLP,170,0.024515327407182586
ALL,2,With_NLP,171,0.04767898223263327
ALL,2,With_NLP,172,0.11922361057117956
ALL,2,With_NLP,173,0.20645821341449863
ALL,2,With_NLP,174,0.008800334544452941
ALL,2,With_NLP,175,0.15101545033341238
ALL,2,With_NLP,176,0.10787242456522192
ALL,2,With_NLP,177,0.01615865938773015
ALL,2,With_NLP,178,0.13127610109675758
ALL,2,With_NLP,179,0.18259061608052246
ALL,2,With_NLP,180,0.12611316317688243
ALL,2,With_NLP,181,0.017288138810111053
ALL,2,With_NLP,182,0.22150348999038802
ALL,2,With_NLP,183,0.12807122368731502
ALL,2,With_NLP,184,0.1848632728463348
ALL,2,With_NLP,185,0.02222322214079395
ALL,2,With_NLP,186,0.11942263545663283
ALL,2,With_NLP,187,0.16830099268585924
ALL,2,With_NLP,188,0.1806970922858209
ALL,2,With_NLP,189,0.14665269591535424
ALL,2,With_NLP,190,0.14355436216119286
ALL,2,With_NLP,191,0.1414185337386335
ALL,2,With_NLP,192,0.22814735437743597
ALL,2,With_NLP,193,0.09887323799648325
ALL,2,With_NLP,194,0.1959769553067914
ALL,2,With_NLP,195,0.13802863574221216
ALL,2,With_NLP,196,0.0795436733340708
ALL,2,With_NLP,197,0.03538917275622267
ALL,2,With_NLP,198,0.1304445480503955
ALL,2,With_NLP,199,0.13974250429282267
ALL,2,With_NLP,200,0.19218792428999676
ALL,2,With_NLP,201,0.1401742712238978
ALL,2,With_NLP,202,0.202237759175076
ALL,2,With_NLP,203,0.22178906935678627
ALL,2,With_NLP,204,0.007711740275442015
ALL,2,With_NLP,205,0.14404318037346303
ALL,2,With_NLP,206,0.21203820707832624
ALL,2,With_NLP,207,0.14829021693208227
ALL,2,With_NLP,208,0.19122766990744272
ALL,2,With_NLP,209,0.09943923825052096
ALL,2,With_NLP,210,0.13486647940955324
ALL,2,With_NLP,211,0.1862522858527462
ALL,2,With_NLP,212,0.196472210717382
ALL,2,With_NLP,213,0.2187679045738205
ALL,2,With_NLP,214,0.24896558617178666
ALL,2,With_NLP,215,0.18283738404386518
ALL,2,With_NLP,216,0.22295400161461099
ALL,2,With_NLP,217,0.22966259280046838
ALL,2,With_NLP,218,0.16089720877120317
ALL,2,With_NLP,219,0.21605930968212567
ALL,2,With_NLP,220,0.11333982062550432
ALL,2,Without_NLP,1,-0.023881450268235783
ALL,2,Without_NLP,2,-0.05843257921798539
ALL,2,Without_NLP,3,-0.021537278837011852
ALL,2,Without_NLP,4,-0.13494968984370032
ALL,2,Without_NLP,5,-0.03044625453517411
ALL,2,Without_NLP,6,-0.03933487121631157
ALL,2,Without_NLP,7,0.030344253360528654
ALL,2,Without_NLP,8,0.0034844749666037116
ALL,2,Without_NLP,9,-0.09103572012910133
ALL,2,Without_NLP,10,-0.11736506272131324
ALL,2,Without_NLP,11,-0.08640433916322833
ALL,2,Without_NLP,12,-0.07702705046070102
ALL,2,Without_NLP,13,-0.09958221708846002
ALL,2,Without_NLP,14,0.021358262590545986
ALL,2,Without_NLP,15,-0.05767958318925639
ALL,2,Without_NLP,16,0.027926630450281986
ALL,2,Without_NLP,17,-0.10756334779572424
ALL,2,Without_NLP,18,-0.09317028495828718
ALL,2,Without_NLP,19,-0.13079162804532374
ALL,2,Without_NLP,20,-0.052377159546227556
ALL,2,Without_NLP,21,-0.03276246950477357
ALL,2,Without_NLP,22,-0.10345661829470151
ALL,2,Without_NLP,23,0.005944836094908018
ALL,2,Without_NLP,24,-0.050382305291566426
ALL,2,Without_NLP,25,-0.12263791624826653
ALL,2,Without_NLP,26,0.004767558966194147
ALL,2,Without_NLP,27,-0.012351664443586116
ALL,2,Without_NLP,28,-0.09865772194867417
ALL,2,Without_NLP,29,-0.12333037821673888
ALL,2,Without_NLP,30,-0.06792632181317734
ALL,2,Without_NLP,31,-0.11086060904018911
ALL,2,Without_NLP,32,0.05699020668801039
ALL,2,Without_NLP,33,-0.02747385965758006
ALL,2,Without_NLP,34,-0.06543009776473592
ALL,2,Without_NLP,35,-0.020087162003190107
ALL,2,Without_NLP,36,0.10604755601111877
ALL,2,Without_NLP,37,-0.013196440495039076
ALL,2,Without_NLP,38,-0.05204823572638225
ALL,2,Without_NLP,39,-0.08718065919190224
ALL,2,Without_NLP,40,0.011500718436652457
ALL,2,Without_NLP,41,-0.051564225253758804
ALL,2,Without_NLP,42,0.007266082475757972
ALL,2,Without_NLP,43,-0.1833428929117505
ALL,2,Without_NLP,44,-0.1257543393036573
ALL,2,Without_NLP,45,-0.03607284808060295
ALL,2,Without_NLP,46,0.025047695147556625
ALL,2,Without_NLP,47,-0.11730754697103904
ALL,2,Without_NLP,48,0.025376688220882095
ALL,2,Without_NLP,49,-0.038560979173426775
ALL,2,Without_NLP,50,-0.05614648691752572
ALL,2,Without_NLP,51,-0.09374289573293229
ALL,2,Without_NLP,52,-0.10676635307280508
ALL,2,Without_NLP,53,0.00727398467917367
ALL,2,Without_NLP,54,-0.12761247711540952
ALL,2,Without_NLP,55,0.031892308427028344
ALL,2,Without_NLP,56,-0.06088877229353576
ALL,2,Without_NLP,57,-0.11221120235295448
ALL,2,Without_NLP,58,0.10993007234206958
ALL,2,Without_NLP,59,-0.02466898287443508
ALL,2,Without_NLP,60,0.029838204916049025
ALL,2,Without_NLP,61,0.10847355938728478
ALL,2,Without_NLP,62,0.0088279615414075
ALL,2,Without_NLP,63,-0.01349515438214073
ALL,2,Without_NLP,64,-0.03293683521623081
ALL,2,Without_NLP,65,-0.10714596453607761
ALL,2,Without_NLP,66,0.05622348776837836
ALL,2,Without_NLP,67,0.025060591434789177
ALL,2,Without_NLP,68,0.011461926742652128
ALL,2,Without_NLP,69,-0.03968882824717289
ALL,2,Without_NLP,70,-0.06156966094359305
ALL,2,Without_NLP,71,-0.03103188729146619
ALL,2,Without_NLP,72,0.02513083778430349
ALL,2,Without_NLP,73,0.012183616041241473
ALL,2,Without_NLP,74,-0.08530761362384864
ALL,2,Without_NLP,75,0.10956347031510992
ALL,2,Without_NLP,76,-0.08145026005541248
ALL,2,Without_NLP,77,-0.04942510313194852
ALL,2,Without_NLP,78,-0.08588235203996217
ALL,2,Without_NLP,79,-0.010305275157354587
ALL,2,Without_NLP,80,-0.06867579058734183
ALL,2,Without_NLP,81,-0.04268980612875922
ALL,2,Without_NLP,82,-0.04524090303893941
ALL,2,Without_NLP,83,0.04964515609575342
ALL,2,Without_NLP,84,-0.014503648530293236
ALL,2,Without_NLP,85,-0.0931315949876873
ALL,2,Without_NLP,86,0.01560084466493128
ALL,2,Without_NLP,87,-0.03507997101579158
ALL,2,Without_NLP,88,-0.12668953398007243
ALL,2,Without_NLP,89,-0.10823155731906883
ALL,2,Without_NLP,90,-0.01029728744411016
ALL,2,Without_NLP,91,0.0777896850392014
ALL,2,Without_NLP,92,0.03717091729776821
ALL,2,Without_NLP,93,0.03064454219572316
ALL,2,Without_NLP,94,0.027663132868458788
ALL,2,Without_NLP,95,0.051770313322295834
ALL,2,Without_NLP,96,-0.011819429400834842
ALL,2,Without_NLP,97,-0.06113940672562557
ALL,2,Without_NLP,98,0.04031394705144392
ALL,2,Without_NLP,99,-0.013396333988178728
ALL,2,Without_NLP,100,-0.006049995557965175
ALL,2,Without_NLP,101,0.0001747865917774811
ALL,2,Without_NLP,102,0.06822510881286357
ALL,2,Without_NLP,103,0.0035863119463360425
ALL,2,Without_NLP,104,0.039433569745151775
ALL,2,Without_NLP,105,0.048501575476799126
ALL,2,Without_NLP,106,0.025165153857424353
ALL,2,Without_NLP,107,0.05612447301420401
ALL,2,Without_NLP,108,0.004509919995010529
ALL,2,Without_NLP,109,0.13851653153690807
ALL,2,Without_NLP,110,-0.029367035924923797
ALL,2,Without_NLP,111,0.0828098605038244
ALL,2,Without_NLP,112,0.09413608419445106
ALL,2,Without_NLP,113,0.0033217057355820106
ALL,2,Without_NLP,114,0.00990705701679195
ALL,2,Without_NLP,115,0.10673374692359983
ALL,2,Without_NLP,116,0.08719325236784145
ALL,2,Without_NLP,117,0.08138259066445301
ALL,2,Without_NLP,118,0.06346099490435539
ALL,2,Without_NLP,119,0.08175071936883288
ALL,2,Without_NLP,120,0.0667613037183949
ALL,2,Without_NLP,121,0.01977515910165782
ALL,2,Without_NLP,122,-0.017772666592029293
ALL,2,Without_NLP,123,0.13015318992689698
ALL,2,Without_NLP,124,0.10191172952851921
ALL,2,Without_NLP,125,0.13145909477120968
ALL,2,Without_NLP,126,0.05956603111008352
ALL,2,Without_NLP,127,0.020052619442605474
ALL,2,Without_NLP,128,0.06443868292284324
ALL,2,Without_NLP,129,0.05042344892086922
ALL,2,Without_NLP,130,0.04520167326730804
ALL,2,Without_NLP,131,0.12826562611088768
ALL,2,Without_NLP,132,0.070916428596949
ALL,2,Without_NLP,133,0.10496984553883744
ALL,2,Without_NLP,134,0.1660405628815129
ALL,2,Without_NLP,135,0.0021730615232169632
ALL,2,Without_NLP,136,0.03976213108077685
ALL,2,Without_NLP,137,0.06645775030408141
ALL,2,Without_NLP,138,0.0353043624987086
ALL,2,Without_NLP,139,0.04933917450258689
ALL,2,Without_NLP,140,0.09884204449689807
ALL,2,Without_NLP,141,0.02008712613866227
ALL,2,Without_NLP,142,0.07804492218975993
ALL,2,Without_NLP,143,0.1760641620911084
ALL,2,Without_NLP,144,-0.024688538711552566
ALL,2,Without_NLP,145,0.1293932667955485
ALL,2,Without_NLP,146,0.11146179578182167
ALL,2,Without_NLP,147,0.04922223787237189
ALL,2,Without_NLP,148,0.043534959910702206
ALL,2,Without_NLP,149,0.0161693501156545
ALL,2,Without_NLP,150,0.0583406422018678
ALL,2,Without_NLP,151,-0.035257271668743914
ALL,2,Without_NLP,152,-0.039528359520094876
ALL,2,Without_NLP,153,0.11654430247871746
ALL,2,Without_NLP,154,0.07394861824246615
ALL,2,Without_NLP,155,0.1059139162842492
ALL,2,Without_NLP,156,0.035235256427231486
ALL,2,Without_NLP,157,0.13075529359690213
ALL,2,Without_NLP,158,0.07972699368868302
ALL,2,Without_NLP,159,0.2835199742921154
ALL,2,Without_NLP,160,0.006497025727778002
ALL,2,Without_NLP,161,0.0573167381402263
ALL,2,Without_NLP,162,0.10288684876226113
ALL,2,Without_NLP,163,0.16560239923885073
ALL,2,Without_NLP,164,0.26522158345975205
ALL,2,Without_NLP,165,0.11158954153954317
ALL,2,Without_NLP,166,0.08805664539474489
ALL,2,Without_NLP,167,-0.0001285909440925737
ALL,2,Without_NLP,168,0.10869838643897076
ALL,2,Without_NLP,169,0.06530800706468683
ALL,2,Without_NLP,170,0.023518352263149113
ALL,2,Without_NLP,171,0.053268790913904185
ALL,2,Without_NLP,172,0.05498182654576132
ALL,2,Without_NLP,173,0.1872078295918859
ALL,2,Without_NLP,174,0.019063539414908064
ALL,2,Without_NLP,175,0.1048148877574702
ALL,2,Without_NLP,176,0.07644861005549895
ALL,2,Without_NLP,177,0.005076936734150469
ALL,2,Without_NLP,178,0.13202166474477584
ALL,2,Without_NLP,179,0.14401503585386666
ALL,2,Without_NLP,180,0.1141513523349043
ALL,2,Without_NLP,181,0.016487148854468066
ALL,2,Without_NLP,182,0.1802889296180314
ALL,2,Without_NLP,183,0.1008763523779398
ALL,2,Without_NLP,184,0.16812131283527829
ALL,2,Without_NLP,185,0.005931161801911055
ALL,2,Without_NLP,186,0.09854592781275061
ALL,2,Without_NLP,187,0.12310672686371198
ALL,2,Without_NLP,188,0.15068099244533206
ALL,2,Without_NLP,189,0.12599293823909813
ALL,2,Without_NLP,190,0.1089299512928406
ALL,2,Without_NLP,191,0.1178208724417392
ALL,2,Without_NLP,192,0.18604229760695778
ALL,2,Without_NLP,193,0.06086674621099822
ALL,2,Without_NLP,194,0.14032350702105612
ALL,2,Without_NLP,195,0.10982281224005054
ALL,2,Without_NLP,196,0.10441831346296326
ALL,2,Without_NLP,197,0.023103785712016347
ALL,2,Without_NLP,198,0.08968359729858272
ALL,2,Without_NLP,199,0.12560163339081726
ALL,2,Without_NLP,200,0.16707480931788599
ALL,2,Without_NLP,201,0.12372423307662891
ALL,2,Without_NLP,202,0.1589113327186092
ALL,2,Without_NLP,203,0.1844175200275917
ALL,2,Without_NLP,204,-0.0006164210673208594
ALL,2,Without_NLP,205,0.11394328609380285
ALL,2,Without_NLP,206,0.18401996607209464
ALL,2,Without_NLP,207,0.12596864445710027
ALL,2,Without_NLP,208,0.13910060713299632
ALL,2,Without_NLP,209,0.09914480962605737
ALL,2,Without_NLP,210,0.1026255630692173
ALL,2,Without_NLP,211,0.19256737818297456
ALL,2,Without_NLP,212,0.1467704037821825
ALL,2,Without_NLP,213,0.19418405397236171
ALL,2,Without_NLP,214,0.24984539840928657
ALL,2,Without_NLP,215,0.1595547051642849
ALL,2,Without_NLP,216,0.19824280130973468
ALL,2,Without_NLP,217,0.14404651974328012
ALL,2,Without_NLP,218,0.1411351193325115
ALL,2,Without_NLP,219,0.20244159322018312
ALL,2,Without_NLP,220,0.11202881065423888
ALL,3,With_NLP,1,-0.05947572361279715
ALL,3,With_NLP,2,-0.0032631156961935633
ALL,3,With_NLP,3,-0.039925656257408335
ALL,3,With_NLP,4,-0.04733248806968769
ALL,3,With_NLP,5,-0.018191810460791717
ALL,3,With_NLP,6,-0.021520131298752403
ALL,3,With_NLP,7,-0.08618518866795087
ALL,3,With_NLP,8,-0.02877846589106803
ALL,3,With_NLP,9,-0.05165411289994291
ALL,3,With_NLP,10,-0.06934064815078946
ALL,3,With_NLP,11,-0.06728389772424047
ALL,3,With_NLP,12,-0.033941640119798146
ALL,3,With_NLP,13,-0.12267331140873278
ALL,3,With_NLP,14,-0.1159852228817831
ALL,3,With_NLP,15,-0.03963979412169105
ALL,3,With_NLP,16,-0.14886145585059504
ALL,3,With_NLP,17,-0.09875896199175614
ALL,3,With_NLP,18,-0.08595214388709982
ALL,3,With_NLP,19,-0.07709189599340704
ALL,3,With_NLP,20,-0.025978633117471724
ALL,3,With_NLP,21,0.0038642523000483944
ALL,3,With_NLP,22,-0.013743630575659244
ALL,3,With_NLP,23,-0.020164524631662264
ALL,3,With_NLP,24,-0.09786262728408426
ALL,3,With_NLP,25,-0.10588243419782568
ALL,3,With_NLP,26,-0.054654017310196944
ALL,3,With_NLP,27,-0.14281157172021314
ALL,3,With_NLP,28,-0.044822422319857225
ALL,3,With_NLP,29,-0.07899658595179049
ALL,3,With_NLP,30,0.044886940256174485
ALL,3,With_NLP,31,-0.15192700915936597
ALL,3,With_NLP,32,0.024615812467058754
ALL,3,With_NLP,33,-0.06068274890469307
ALL,3,With_NLP,34,-0.018320298192483313
ALL,3,With_NLP,35,-0.0012506361386076922
ALL,3,With_NLP,36,-0.04133730483068343
ALL,3,With_NLP,37,-0.15143609601316532
ALL,3,With_NLP,38,-0.04463259971847265
ALL,3,With_NLP,39,-0.08256575545755783
ALL,3,With_NLP,40,-0.13376821152228952
ALL,3,With_NLP,41,-0.14596344462840136
ALL,3,With_NLP,42,-0.07270869235036727
ALL,3,With_NLP,43,-0.11442327819665551
ALL,3,With_NLP,44,0.006176595577377366
ALL,3,With_NLP,45,-0.04925788798924341
ALL,3,With_NLP,46,-0.08318577919283779
ALL,3,With_NLP,47,-0.03303747330674175
ALL,3,With_NLP,48,-0.12671213992175523
ALL,3,With_NLP,49,-0.04940118540818766
ALL,3,With_NLP,50,-0.04970169028298908
ALL,3,With_NLP,51,0.0296189618847951
ALL,3,With_NLP,52,-0.09613528613683144
ALL,3,With_NLP,53,-0.030977809157164644
ALL,3,With_NLP,54,-0.12319393848405924
ALL,3,With_NLP,55,-0.09739113928263361
ALL,3,With_NLP,56,-0.1158406720439735
ALL,3,With_NLP,57,0.019698968667993845
ALL,3,With_NLP,58,-0.04546432605809005
ALL,3,With_NLP,59,-0.051622037301813195
ALL,3,With_NLP,60,-0.01992398067063052
ALL,3,With_NLP,61,-0.04269968165667729
ALL,3,With_NLP,62,-0.13517679849868308
ALL,3,With_NLP,63,-0.022445048731578987
ALL,3,With_NLP,64,-0.0401896251393142
ALL,3,With_NLP,65,-0.011908952526936457
ALL,3,With_NLP,66,0.024385767584412868
ALL,3,With_NLP,67,-0.01536099204624009
ALL,3,With_NLP,68,-0.04384861420483425
ALL,3,With_NLP,69,-0.06039494332389711
ALL,3,With_NLP,70,-0.052649617811322304
ALL,3,With_NLP,71,0.06572613346663536
ALL,3,With_NLP,72,-0.18531292310121558
ALL,3,With_NLP,73,-0.08378517991073617
ALL,3,With_NLP,74,-0.021385717864766476
ALL,3,With_NLP,75,0.038084332646249594
ALL,3,With_NLP,76,0.046405597831406444
ALL,3,With_NLP,77,0.0835086107163391
ALL,3,With_NLP,78,-0.006011600699036005
ALL,3,With_NLP,79,-0.11738574730403349
ALL,3,With_NLP,80,-0.07728518775977836
ALL,3,With_NLP,81,-0.05711313185712256
ALL,3,With_NLP,82,0.004196908105936004
ALL,3,With_NLP,83,-0.003587552850663947
ALL,3,With_NLP,84,-0.00979740021706679
ALL,3,With_NLP,85,-0.05830719743218408
ALL,3,With_NLP,86,0.03931873634931254
ALL,3,With_NLP,87,-0.018113044003286127
ALL,3,With_NLP,88,-0.08742182631435136
ALL,3,With_NLP,89,0.00925401636050295
ALL,3,With_NLP,90,-0.04379713984199888
ALL,3,With_NLP,91,0.025716786683966975
ALL,3,With_NLP,92,0.015221834440266382
ALL,3,With_NLP,93,-0.02781545427577287
ALL,3,With_NLP,94,-0.09264535924894227
ALL,3,With_NLP,95,0.13876496072505617
ALL,3,With_NLP,96,0.037268263096574133
ALL,3,With_NLP,97,-0.012300393820409511
ALL,3,With_NLP,98,-0.061444433990262365
ALL,3,With_NLP,99,0.013681856575457764
ALL,3,With_NLP,100,-0.031947981836260776
ALL,3,With_NLP,101,-0.027081712625216872
ALL,3,With_NLP,102,0.0947727384242272
ALL,3,With_NLP,103,-0.05731774747276779
ALL,3,With_NLP,104,-0.0054794970881204014
ALL,3,With_NLP,105,-0.04281219449909894
ALL,3,With_NLP,106,0.02808507798143373
ALL,3,With_NLP,107,0.037290227344905134
ALL,3,With_NLP,108,0.06617391554037588
ALL,3,With_NLP,109,-0.029925092475104966
ALL,3,With_NLP,110,-0.03700389290634567
ALL,3,With_NLP,111,-0.0013902076590241001
ALL,3,With_NLP,112,0.11450459777421328
ALL,3,With_NLP,113,0.055403624376549984
ALL,3,With_NLP,114,0.084593439981235
ALL,3,With_NLP,115,0.0017199811515397475
ALL,3,With_NLP,116,0.10558214315591717
ALL,3,With_NLP,117,0.012725701311988734
ALL,3,With_NLP,118,0.06948215777730865
ALL,3,With_NLP,119,-0.029606269313498097
ALL,3,With_NLP,120,0.10190436818923941
ALL,3,With_NLP,121,0.018168847007854504
ALL,3,With_NLP,122,0.07848136777991686
ALL,3,With_NLP,123,0.008880980401142151
ALL,3,With_NLP,124,0.07550983716205771
ALL,3,With_NLP,125,0.09680632537522085
ALL,3,With_NLP,126,-0.005011581918880799
ALL,3,With_NLP,127,0.08597481617691945
ALL,3,With_NLP,128,0.06544025262707238
ALL,3,With_NLP,129,0.13788887961665075
ALL,3,With_NLP,130,0.06846991985558175
ALL,3,With_NLP,131,-0.015331365378347936
ALL,3,With_NLP,132,0.0871065323927792
ALL,3,With_NLP,133,-0.028205294717638683
ALL,3,With_NLP,134,0.06472121713735526
ALL,3,With_NLP,135,0.06691213346894821
ALL,3,With_NLP,136,0.16178476433245872
ALL,3,With_NLP,137,0.038199032630785945
ALL,3,With_NLP,138,0.02695134814140806
ALL,3,With_NLP,139,0.12911137323043853
ALL,3,With_NLP,140,0.13971871194080482
ALL,3,With_NLP,141,0.02441562899854188
ALL,3,With_NLP,142,0.15083724220566813
ALL,3,With_NLP,143,0.06304492373816314
ALL,3,With_NLP,144,0.1242411516920658
ALL,3,With_NLP,145,0.0974084295566878
ALL,3,With_NLP,146,0.041718176770660045
ALL,3,With_NLP,147,0.028412817942899064
ALL,3,With_NLP,148,0.007025786149886785
ALL,3,With_NLP,149,0.13388945801000382
ALL,3,With_NLP,150,0.019046308412295713
ALL,3,With_NLP,151,-0.035797485792297176
ALL,3,With_NLP,152,0.06982189470134892
ALL,3,With_NLP,153,0.07885625860008104
ALL,3,With_NLP,154,0.04358807157405974
ALL,3,With_NLP,155,0.06342586276300875
ALL,3,With_NLP,156,0.061268856999003585
ALL,3,With_NLP,157,0.06024127849787643
ALL,3,With_NLP,158,0.0050976879836474994
ALL,3,With_NLP,159,-0.06331156251333565
ALL,3,With_NLP,160,0.1088569970925836
ALL,3,With_NLP,161,0.061902119257027564
ALL,3,With_NLP,162,0.0758333865343073
ALL,3,With_NLP,163,0.10114078021650785
ALL,3,With_NLP,164,0.013523007784883148
ALL,3,With_NLP,165,0.06745766096579392
ALL,3,With_NLP,166,0.075139266069155
ALL,3,With_NLP,167,0.13006910488334225
ALL,3,With_NLP,168,0.1565719601486138
ALL,3,With_NLP,169,0.038764693839530184
ALL,3,With_NLP,170,0.10698733884363719
ALL,3,With_NLP,171,0.1371618205630882
ALL,3,With_NLP,172,0.09436683718624532
ALL,3,With_NLP,173,0.14998866163381228
ALL,3,With_NLP,174,0.10583967867481794
ALL,3,With_NLP,175,0.12542790960805128
ALL,3,With_NLP,176,0.03724883917067911
ALL,3,With_NLP,177,0.060893444257001536
ALL,3,With_NLP,178,0.11831080498686726
ALL,3,With_NLP,179,0.1052660673982217
ALL,3,With_NLP,180,0.023744599066418126
ALL,3,With_NLP,181,0.060901419224548316
ALL,3,With_NLP,182,0.05499445309778587
ALL,3,With_NLP,183,0.09747639534338849
ALL,3,With_NLP,184,0.09630464406972246
ALL,3,With_NLP,185,0.09919685291935249
ALL,3,With_NLP,186,0.01802100569558832
ALL,3,With_NLP,187,0.1571332917016827
ALL,3,With_NLP,188,0.08940082914369488
ALL,3,With_NLP,189,0.16862972764170384
ALL,3,With_NLP,190,0.13353291479383994
ALL,3,With_NLP,191,0.04256503791045502
ALL,3,With_NLP,192,0.11532012080593412
ALL,3,With_NLP,193,0.0959011784765118
ALL,3,With_NLP,194,0.08461888080455451
ALL,3,With_NLP,195,0.1322600212047804
ALL,3,With_NLP,196,0.1555194403724994
ALL,3,With_NLP,197,0.12195560154022864
ALL,3,With_NLP,198,0.07898003012925037
ALL,3,With_NLP,199,0.21889289695123784
ALL,3,With_NLP,200,0.18206280538494915
ALL,3,With_NLP,201,0.1330934477517971
ALL,3,With_NLP,202,0.086029033064274
ALL,3,With_NLP,203,0.1976793606365419
ALL,3,With_NLP,204,0.09581086295396805
ALL,3,With_NLP,205,0.16402807622101714
ALL,3,With_NLP,206,0.08863260159816119
ALL,3,With_NLP,207,0.14016161341810124
ALL,3,With_NLP,208,0.017918735179056084
ALL,3,With_NLP,209,0.19775437147326294
ALL,3,With_NLP,210,0.1593012692660976
ALL,3,With_NLP,211,-0.008824680822140874
ALL,3,With_NLP,212,0.054053865944703336
ALL,3,With_NLP,213,0.028131581641990932
ALL,3,With_NLP,214,0.04470752384082692
ALL,3,With_NLP,215,0.1702157311288071
ALL,3,With_NLP,216,0.1175180515276059
ALL,3,With_NLP,217,0.028248233157227465
ALL,3,With_NLP,218,0.043158873554544265
ALL,3,With_NLP,219,0.14183000089987785
ALL,3,With_NLP,220,0.08437511320563275
ALL,3,Without_NLP,1,-0.05947572361279715
ALL,3,Without_NLP,2,-0.0032631156961935633
ALL,3,Without_NLP,3,-0.039925656257408335
ALL,3,Without_NLP,4,-0.06976717268440395
ALL,3,Without_NLP,5,-0.0251507965601386
ALL,3,Without_NLP,6,-0.027722200645405554
ALL,3,Without_NLP,7,-0.09378447237879871
ALL,3,Without_NLP,8,-0.014697672931747544
ALL,3,Without_NLP,9,-0.062364300898719735
ALL,3,Without_NLP,10,-0.06462941717774655
ALL,3,Without_NLP,11,-0.09088510655991383
ALL,3,Without_NLP,12,-0.033941640119798146
ALL,3,Without_NLP,13,-0.12267331140873278
ALL,3,Without_NLP,14,-0.09731562961565415
ALL,3,Without_NLP,15,-0.04044782830777888
ALL,3,Without_NLP,16,-0.14886145585059504
ALL,3,Without_NLP,17,-0.0911307445193111
ALL,3,Without_NLP,18,-0.10117996418996604
ALL,3,Without_NLP,19,-0.09519364230137012
ALL,3,Without_NLP,20,-0.009766715976246381
ALL,3,Without_NLP,21,0.007962075846283355
ALL,3,Without_NLP,22,-0.011010655391047269
ALL,3,Without_NLP,23,-0.0381356972868495
ALL,3,Without_NLP,24,-0.10036022947087939
ALL,3,Without_NLP,25,-0.17762530394827505
ALL,3,Without_NLP,26,-0.07312769286930403
ALL,3,Without_NLP,27,-0.1458983098571043
ALL,3,Without_NLP,28,0.016053619488961182
ALL,3,Without_NLP,29,-0.0554131555926784
ALL,3,Without_NLP,30,0.05252665104484172
ALL,3,Without_NLP,31,-0.09432215979688328
ALL,3,Without_NLP,32,-0.018516168334496222
ALL,3,Without_NLP,33,-0.06684414008386382
ALL,3,Without_NLP,34,-0.04610482661266476
ALL,3,Without_NLP,35,-0.01065877041603934
ALL,3,Without_NLP,36,-0.1143158589374347
ALL,3,Without_NLP,37,-0.11563625097260848
ALL,3,Without_NLP,38,-0.037024071897537494
ALL,3,Without_NLP,39,-0.08157373644665206
ALL,3,Without_NLP,40,-0.08386517346823322
ALL,3,Without_NLP,41,-0.14918461474764408
ALL,3,Without_NLP,42,-0.06422499563080547
ALL,3,Without_NLP,43,-0.0974368641445407
ALL,3,Without_NLP,44,-0.028212785159314517
ALL,3,Without_NLP,45,-0.08860296365113215
ALL,3,Without_NLP,46,-0.0916553009913487
ALL,3,Without_NLP,47,-0.08852148486614064
ALL,3,Without_NLP,48,-0.06927930225707676
ALL,3,Without_NLP,49,-0.06635799748631249
ALL,3,Without_NLP,50,-0.05246901138071731
ALL,3,Without_NLP,51,0.033741012906271475
ALL,3,Without_NLP,52,-0.09343598582148487
ALL,3,Without_NLP,53,-0.038201048087449035
ALL,3,Without_NLP,54,-0.12054925533455751
ALL,3,Without_NLP,55,-0.056247394208151516
ALL,3,Without_NLP,56,-0.06424340236006505
ALL,3,Without_NLP,57,0.0061410798720908
ALL,3,Without_NLP,58,-0.07754517892212084
ALL,3,Without_NLP,59,-0.013694292451803217
ALL,3,Without_NLP,60,-0.021761347460959146
ALL,3,Without_NLP,61,-0.0731537931201178
ALL,3,Without_NLP,62,-0.1509239035963034
ALL,3,Without_NLP,63,-0.03907114509090501
ALL,3,Without_NLP,64,-0.039014438439443036
ALL,3,Without_NLP,65,0.014333101192985849
ALL,3,Without_NLP,66,0.027513145218195947
ALL,3,Without_NLP,67,-0.002293749056171095
ALL,3,Without_NLP,68,-0.07770439724356713
ALL,3,Without_NLP,69,-0.08819663330696376
ALL,3,Without_NLP,70,-0.06039703206328403
ALL,3,Without_NLP,71,0.0513619717000338
ALL,3,Without_NLP,72,-0.16064422565041184
ALL,3,Without_NLP,73,-0.09591851457702477
ALL,3,Without_NLP,74,-0.04374929868822093
ALL,3,Without_NLP,75,-0.0181961612574743
ALL,3,Without_NLP,76,-0.06259063123637625
ALL,3,Without_NLP,77,0.11168440509056489
ALL,3,Without_NLP,78,-0.04468846183545458
ALL,3,Without_NLP,79,-0.13759697581221494
ALL,3,Without_NLP,80,-0.10570088840519332
ALL,3,Without_NLP,81,-0.1415413056843088
ALL,3,Without_NLP,82,0.0029905315125408373
ALL,3,Without_NLP,83,0.00985290304122454
ALL,3,Without_NLP,84,0.020624670957106215
ALL,3,Without_NLP,85,-0.10119980352062756
ALL,3,Without_NLP,86,0.04457100714560911
ALL,3,Without_NLP,87,-0.015313735925758189
ALL,3,Without_NLP,88,-0.04818181741368921
ALL,3,Without_NLP,89,0.011502987428606948
ALL,3,Without_NLP,90,-0.037154094075187556
ALL,3,Without_NLP,91,-0.0003118631081976751
ALL,3,Without_NLP,92,0.0076918299387884635
ALL,3,Without_NLP,93,-0.0733895573109958
ALL,3,Without_NLP,94,-0.07226965319196502
ALL,3,Without_NLP,95,0.030972996578006756
ALL,3,Without_NLP,96,0.02893641364995566
ALL,3,Without_NLP,97,-0.0020728286834288123
ALL,3,Without_NLP,98,-0.053994569131968734
ALL,3,Without_NLP,99,-0.006949405770881349
ALL,3,Without_NLP,100,-0.04996097768368995
ALL,3,Without_NLP,101,-0.061941821041993216
ALL,3,Without_NLP,102,0.05284058545933518
ALL,3,Without_NLP,103,-0.07685804419132108
ALL,3,Without_NLP,104,-0.04249060124453597
ALL,3,Without_NLP,105,-0.08533327440726765
ALL,3,Without_NLP,106,0.028230794327188304
ALL,3,Without_NLP,107,0.03226304270612356
ALL,3,Without_NLP,108,-0.013142413807151216
ALL,3,Without_NLP,109,-0.05696270693538031
ALL,3,Without_NLP,110,-0.027495771551534532
ALL,3,Without_NLP,111,0.011019580575172085
ALL,3,Without_NLP,112,-0.051161966053873346
ALL,3,Without_NLP,113,0.04181752921360975
ALL,3,Without_NLP,114,0.06196448580514169
ALL,3,Without_NLP,115,-0.014353903401618242
ALL,3,Without_NLP,116,0.06674990697437412
ALL,3,Without_NLP,117,0.05872300147088535
ALL,3,Without_NLP,118,-0.03087101674694914
ALL,3,Without_NLP,119,-0.0742510830664563
ALL,3,Without_NLP,120,-0.0040859829718883625
ALL,3,Without_NLP,121,0.028050524184174305
ALL,3,Without_NLP,122,0.0165200856668814
ALL,3,Without_NLP,123,-0.05737984854319039
ALL,3,Without_NLP,124,0.06752495476842259
ALL,3,Without_NLP,125,0.05998855995272576
ALL,3,Without_NLP,126,-0.05064083548497536
ALL,3,Without_NLP,127,0.08321959076133228
ALL,3,Without_NLP,128,0.027501684476976693
ALL,3,Without_NLP,129,0.01645051157754714
ALL,3,Without_NLP,130,0.03420418572865147
ALL,3,Without_NLP,131,-0.0424517102973509
ALL,3,Without_NLP,132,0.07168235159104258
ALL,3,Without_NLP,133,-0.04367759570352843
ALL,3,Without_NLP,134,0.05890319281783413
ALL,3,Without_NLP,135,-0.002017555644724509
ALL,3,Without_NLP,136,0.08016146473420285
ALL,3,Without_NLP,137,-0.016191640152010498
ALL,3,Without_NLP,138,0.032310287694325555
ALL,3,Without_NLP,139,0.10282811475778723
ALL,3,Without_NLP,140,0.11555438958559663
ALL,3,Without_NLP,141,-0.0851323969826296
ALL,3,Without_NLP,142,0.12866782275304642
ALL,3,Without_NLP,143,0.014268843096364841
ALL,3,Without_NLP,144,0.09041518487037281
ALL,3,Without_NLP,145,0.07202859715392897
ALL,3,Without_NLP,146,0.03779361261324625
ALL,3,Without_NLP,147,0.022535319589413492
ALL,3,Without_NLP,148,-0.05057342017111956
ALL,3,Without_NLP,149,0.1189648265794874
ALL,3,Without_NLP,150,-0.021373453791610805
ALL,3,Without_NLP,151,-0.041594350241627484
ALL,3,Without_NLP,152,0.06694034979972152
ALL,3,Without_NLP,153,0.02191287821589595
ALL,3,Without_NLP,154,0.06566211029328271
ALL,3,Without_NLP,155,0.029302821450563836
ALL,3,Without_NLP,156,0.0740492876023297
ALL,3,Without_NLP,157,0.06013466291944376
ALL,3,Without_NLP,158,-0.016334752763673143
ALL,3,Without_NLP,159,-0.07789636803258061
ALL,3,Without_NLP,160,0.06345261134144112
ALL,3,Without_NLP,161,-0.017866158931255177
ALL,3,Without_NLP,162,0.03517429038668802
ALL,3,Without_NLP,163,0.10140740199322992
ALL,3,Without_NLP,164,0.013110448673640113
ALL,3,Without_NLP,165,0.020788796635317124
ALL,3,Without_NLP,166,0.025028090215758567
ALL,3,Without_NLP,167,0.12483312428528884
ALL,3,Without_NLP,168,0.10167390149070661
ALL,3,Without_NLP,169,0.05560320068343299
ALL,3,Without_NLP,170,0.01668679957190014
ALL,3,Without_NLP,171,0.08117488537545607
ALL,3,Without_NLP,172,0.06573992235329648
ALL,3,Without_NLP,173,0.15180208924988753
ALL,3,Without_NLP,174,0.10134139335563482
ALL,3,Without_NLP,175,0.09011337225911875
ALL,3,Without_NLP,176,0.010694704578597919
ALL,3,Without_NLP,177,0.0011111754713536836
ALL,3,Without_NLP,178,0.08604304909217042
ALL,3,Without_NLP,179,0.056283589839270204
ALL,3,Without_NLP,180,-0.009732894450826162
ALL,3,Without_NLP,181,0.024768426864915576
ALL,3,Without_NLP,182,0.010002576427633058
ALL,3,Without_NLP,183,0.042025901125118476
ALL,3,Without_NLP,184,0.0549271602537499
ALL,3,Without_NLP,185,0.02561242282824155
ALL,3,Without_NLP,186,-0.00021394767231605583
ALL,3,Without_NLP,187,0.08741359952804441
ALL,3,Without_NLP,188,0.10160766048184175
ALL,3,Without_NLP,189,0.14283786341130064
ALL,3,Without_NLP,190,0.08781372591172139
ALL,3,Without_NLP,191,0.030872787135053315
ALL,3,Without_NLP,192,0.12334784614603787
ALL,3,Without_NLP,193,0.06666725591922604
ALL,3,Without_NLP,194,0.09580688263110526
ALL,3,Without_NLP,195,0.14628973595434086
ALL,3,Without_NLP,196,0.13162793490227395
ALL,3,Without_NLP,197,0.06152197508221585
ALL,3,Without_NLP,198,0.09484626152585092
ALL,3,Without_NLP,199,0.16197158457752195
ALL,3,Without_NLP,200,0.18369766507143423
ALL,3,Without_NLP,201,0.10785996013502447
ALL,3,Without_NLP,202,0.0665769024617976
ALL,3,Without_NLP,203,0.17960448467006415
ALL,3,Without_NLP,204,0.1020090736738761
ALL,3,Without_NLP,205,0.16593085410776
ALL,3,Without_NLP,206,0.06746794779692644
ALL,3,Without_NLP,207,0.11138483999719839
ALL,3,Without_NLP,208,-0.028998055491254466
ALL,3,Without_NLP,209,0.16539004171275173
ALL,3,Without_NLP,210,0.07094701036782236
ALL,3,Without_NLP,211,0.01150513067857708
ALL,3,Without_NLP,212,0.06204301407407546
ALL,3,Without_NLP,213,0.02718043156652769
ALL,3,Without_NLP,214,0.06949570432086198
ALL,3,Without_NLP,215,0.17841292047485785
ALL,3,Without_NLP,216,0.11947170303714957
ALL,3,Without_NLP,217,0.01884115973865361
ALL,3,Without_NLP,218,0.1355307893040147
ALL,3,Without_NLP,219,0.14284844677466607
ALL,3,Without_NLP,220,0.08747840839681406
